DEPT,CALI,SGR,CGR,THOR,URAN,POTA,ILD,ILM,SFLU,PEF,NPHI,RHOB
50.5,5.902,145.146,24.131,2.477,13.727,0.701,18.533,17.162,2000,3.938,0.098,2.12
51,5.895,150.785,28.006,2.884,13.927,0.811,19.029,19.305,1955.824,3.924,0.049,2.1
51.5,5.895,155.732,31.508,3.259,14.091,0.909,18.66,20.851,1955.826,3.861,0.049,2.084
52,5.895,154.033,30.359,3.149,14.028,0.874,17.425,21.394,1955.826,3.629,0.244,2.074
52.5,5.895,169.844,40.371,4.755,14.686,1.022,16.477,20.181,2000.001,3.658,3.467,2.064
53,5.895,169.541,40.079,4.702,14.685,1.019,15.248,17.972,2000,3.77,19.336,2.072
53.5,5.898,169.768,40.038,4.666,14.715,1.026,13.974,15.16,1955.824,3.875,30.713,2.089
54,5.898,168.309,38.872,4.567,14.682,0.987,13.224,12.332,1730.914,3.791,39.893,2.095
54.5,5.898,160.731,33.333,3.888,14.451,0.853,12.696,10.682,1636.808,3.805,38.086,2.096
55,5.895,165.682,36.634,4.263,14.638,0.94,11.633,10.824,582.271,3.844,38.281,2.087
55.5,5.891,166.195,36.876,4.335,14.669,0.935,11.243,10.629,2000.043,3.951,35.107,2.085
56,5.902,157.681,31.251,3.636,14.341,0.802,11.467,10.239,1836.508,3.869,34.912,2.102
56.5,5.891,135.59,16.971,2.167,13.455,0.388,11.848,11.381,2000.005,3.465,36.377,2.142
57,5.891,137.413,18.026,2.352,13.542,0.4,12.789,14.56,1955.824,3.461,39.258,2.133
57.5,5.859,147.492,24.68,3.385,13.931,0.506,14.364,18.033,2000.001,3.43,40.82,2.099
58,5.867,149.641,26.062,3.578,14.018,0.534,14.961,19.697,1955.824,3.684,43.506,2.069
58.5,5.859,158.219,30.183,4.284,14.523,0.584,16.05,20.851,1955.826,3.664,41.455,2.068
59,5.863,164.683,33.897,4.657,14.835,0.694,17.476,21.832,1955.826,3.738,38.428,2.08
59.5,5.871,184.546,30.118,4.123,17.517,0.62,18.511,19.807,1955.826,3.861,36.23,2.101
60,5.867,186.331,31.247,4.209,17.591,0.66,18.924,19.375,1955.826,3.707,38.574,2.11
60.5,5.883,190.721,34.024,4.51,17.774,0.737,19.138,20.65,1955.826,3.58,42.139,2.099
61,5.895,191.975,34.57,4.585,17.854,0.748,18.719,22.149,1955.826,3.613,41.211,2.068
61.5,5.91,182.661,27.854,3.957,17.56,0.538,18.142,22.714,2000.001,3.697,40.625,2.078
62,5.91,156.055,4.39,2.34,17.203,-0.34,17.775,21.876,2000,3.926,36.084,2.106
62.5,5.902,157.206,4.954,2.417,17.27,-0.328,17.691,21.099,1955.824,3.857,36.377,2.154
63,5.902,175.246,15.961,3.432,18.068,0.02,17.189,21.182,2000.001,3.865,37.207,2.135
63.5,5.918,212.148,49.607,5.197,18.437,1.415,16.003,18.47,2000,3.793,40.283,2.102
64,5.93,218.102,53.858,5.687,18.63,1.525,14.378,15.627,2000,3.633,42.92,2.052
64.5,5.922,222.955,56.744,6.016,18.853,1.601,12.621,12.807,28.702,3.682,41.65,2.045
65,5.93,230.055,61.889,6.559,19.075,1.747,11.779,10.523,20.456,3.699,41.797,2.048
65.5,5.922,200.865,44.503,5.187,17.736,1.14,11.198,9.749,22.522,3.758,39.111,2.066
66,5.926,189.674,38.519,4.602,17.145,0.959,10.409,9.96,53.597,3.604,40.137,2.084
66.5,5.934,191.698,39.993,4.856,17.208,0.976,9.753,10.131,43.523,3.549,43.408,2.089
67,5.926,194.598,42.144,5.168,17.293,1.016,8.913,9.661,12.966,3.312,47.656,2.074
67.5,5.926,192.149,40.896,5.064,17.157,0.974,8.045,8.935,11.226,3.328,48.779,2.039
68,5.93,197.695,45.19,5.467,17.299,1.108,7.56,8.002,17.385,3.34,43.799,2.028
68.5,5.922,186.942,37.81,4.635,16.916,0.912,7.026,7.065,12.229,3.566,41.211,2.073
69,5.934,160.963,31.875,4.262,14.642,0.681,6.458,6.262,16.85,3.654,39.307,2.123
69.5,5.953,187.365,57.627,9.109,14.716,0.885,5.91,5.634,8.942,3.57,41.455,2.138
70,5.992,190.71,59.994,9.466,14.827,0.926,5.441,5.183,9.785,3.43,42.627,2.095
70.5,5.992,192.008,61.49,9.667,14.805,0.958,5.115,4.8,6.974,3.213,47.363,2.054
71,5.996,188.316,59.542,9.488,14.607,0.896,5.026,4.607,6.257,3.014,47.803,2.035
71.5,5.992,191.493,62.453,9.815,14.637,0.973,5.164,4.737,6.142,2.973,50.244,2.037
72,5.973,186.164,59.607,9.482,14.355,0.901,5.403,5.315,6.296,2.891,48.877,2.052
72.5,5.957,179.362,55.581,9.051,14.04,0.788,5.611,6.156,3.562,2.895,49.463,2.077
73,5.965,160.591,67.782,10.347,10.527,1.132,5.799,6.563,9.659,2.838,49.121,2.096
73.5,5.953,155.714,65.206,10.078,10.266,1.059,6.046,6.514,15.914,2.816,42.285,2.109
74,5.906,150.336,62.06,9.665,10.013,0.989,6.305,6.478,99.787,2.945,34.033,2.14
74.5,5.863,151.772,63.516,9.748,10.011,1.048,6.388,6.547,12.277,3.365,26.513,2.215
75,5.867,133.135,59.998,8.867,8.296,1.074,6.245,6.289,11.821,3.236,30.127,2.33
75.5,5.914,132.309,59.963,8.836,8.206,1.08,5.915,5.711,31.468,3.062,37.012,2.377
76,5.984,129.357,58.396,8.69,8.049,1.031,5.668,5.235,32.486,2.748,40.039,2.311
76.5,6.008,128.363,57.915,8.614,7.991,1.023,5.639,5.072,16.041,2.773,39.258,2.244
77,6.055,128.095,58.343,8.636,7.912,1.041,5.664,5.193,7.647,2.807,39.844,2.208
77.5,6.105,137.144,65.503,9.349,8.126,1.255,5.533,5.61,33.204,2.734,42.432,2.19
78,6.102,137.868,66.417,9.425,8.105,1.286,5.143,5.944,48.817,2.707,47.363,2.149
78.5,6.074,147.436,73.225,10.523,8.418,1.385,4.622,5.656,11.395,2.645,47.461,2.122
79,6.012,142.759,69.583,10.182,8.3,1.271,4.075,4.759,6.135,2.766,41.064,2.109
79.5,5.824,141.763,69.382,10.121,8.21,1.275,3.777,3.758,8.067,3,33.252,2.15
80,5.691,108.774,61.758,9.367,5.333,1.047,3.7,3.137,5.327,3.047,29.15,2.23
80.5,5.687,104.085,59.474,9.16,5.06,0.973,3.722,2.952,7.971,2.975,33.838,2.311
81,5.707,105.477,60.796,9.356,5.068,0.997,3.654,3.153,4.574,2.777,42.92,2.3
81.5,5.836,129.7,80.07,13.192,5.63,1.098,3.457,3.508,4.321,2.332,52.198,2.208
82,6.035,144.776,94.925,18.543,5.655,0.585,3.2,3.671,6.031,2.113,57.569,2.092
82.5,6.047,142.326,93.296,18.446,5.561,0.52,3.04,3.527,8.85,1.94,51.416,1.98
83,5.937,141.969,93.358,18.444,5.514,0.524,3.073,3.326,8.089,2.119,43.261,1.932
83.5,5.73,133.017,88.331,16.9,5.069,0.632,3.225,3.203,4.673,2.371,37.549,1.954
84,5.59,113.609,71.349,11.117,4.794,1.136,3.354,3.194,3.718,2.648,41.26,2.04
84.5,5.605,110.408,69.246,10.747,4.669,1.113,3.339,3.167,4.183,2.68,49.073,2.096
85,5.719,105.966,66.221,10.284,4.508,1.063,3.198,3.111,4.954,2.674,53.272,2.101
85.5,5.93,121.184,77.942,10.47,4.905,1.655,3.02,3.027,5.62,2.588,50.293,2.08
86,6.074,113.449,72.788,9.554,4.612,1.601,2.898,2.961,3.979,2.607,47.559,2.074
86.5,6.199,111.198,71.343,9.384,4.521,1.564,2.874,2.944,3.989,2.658,50.195,2.076
87,6.289,115.273,74.368,9.658,4.64,1.661,2.917,2.976,3.622,2.727,51.611,2.074
87.5,6.32,115.151,74.671,9.566,4.592,1.7,3.007,3.087,3.158,2.709,50.488,2.081
88,6.324,120.543,78.647,9.898,4.752,1.834,3.142,3.237,3.242,2.684,47.461,2.095
88.5,6.324,121.327,79.215,9.86,4.777,1.875,3.346,3.39,3.25,2.729,46.728,2.102
89,6.32,125.876,82.214,10.264,4.953,1.938,3.637,3.675,2.924,2.762,49.902,2.116
89.5,6.324,116.804,76.289,9.679,4.596,1.76,3.981,4.169,3.963,2.813,47.217,2.127
90,6.309,115.602,75.584,9.606,4.539,1.74,4.378,4.824,4.557,3.004,51.856,2.149
90.5,6.234,113.282,73.997,9.45,4.456,1.692,4.766,5.604,8.188,3.127,49.414,2.167
91,6.07,99.313,60.842,8.337,4.364,1.251,5.11,6.404,28.49,3.17,47.266,2.184
91.5,5.828,96.801,58.876,8.059,4.302,1.213,5.553,6.663,86.835,3.15,34.228,2.203
92,5.637,70.759,52.194,6.739,2.106,1.175,6.032,6.547,51.752,3.504,22.558,2.265
92.5,5.625,48.277,35.061,4.62,1.499,0.767,6.563,6.384,25.368,4.668,14.697,2.394
93,5.625,35.175,25.131,3.503,1.139,0.502,6.917,6.646,2.98,5.293,13.33,2.584
93.5,5.617,29.528,20.814,2.832,0.988,0.433,6.988,6.985,3.363,5.359,15.527,2.724
94,5.684,35.765,24.587,3.661,1.268,0.434,6.778,7.113,7.234,5.492,18.457,2.761
94.5,5.805,39.534,27.372,4.027,1.379,0.495,6.547,6.999,9.865,5.281,23.145,2.76
95,5.781,53.699,43.932,5.712,1.108,0.979,6.417,6.783,8.035,5.34,27.1,2.72
95.5,5.77,55.867,45.607,5.995,1.164,1.001,6.385,6.604,7.165,4.203,33.936,2.618
96,5.773,65.859,55.584,7.936,1.166,1.064,6.35,6.392,7.439,3.424,38.184,2.472
96.5,5.82,63.19,53.666,7.767,1.08,1.002,6.417,6.24,8.5,2.762,41.406,2.325
97,5.969,78.517,60.461,8.664,2.048,1.15,6.618,6.244,7.514,2.541,42.236,2.219
97.5,6.172,85.927,64.481,9.204,2.433,1.235,6.962,6.551,6.423,2.436,43.506,2.156
98,6.438,86.348,64.369,9.241,2.493,1.22,7.359,7.195,6.607,2.398,43.359,2.132
98.5,6.246,93.751,68.534,9.723,2.86,1.327,8.01,8.039,6.778,2.342,42.822,2.089
99,6.043,96.552,70.406,9.952,2.966,1.373,8.908,9.183,7.677,2.307,41.699,2.097
99.5,5.902,96.248,70.151,9.878,2.96,1.377,10.189,10.824,10.411,2.213,40.918,2.125
100,5.762,90.965,66.392,9.57,2.787,1.249,12.002,13.14,11.891,2.158,38.135,2.141
100.5,5.559,75.969,56.839,7.613,2.17,1.212,14.743,16.499,15.545,2.195,37.061,2.137
101,5.43,74.063,55.632,7.416,2.091,1.195,17.567,20.61,35.981,2.227,34.766,2.141
101.5,5.379,78.056,58.32,7.682,2.239,1.276,20.391,24.206,80.994,2.207,33.301,2.152
102,5.379,65.983,51.174,7.315,1.68,0.977,22.883,27.436,122.032,2.129,29.736,2.147
102.5,5.371,53.165,43.089,5.588,1.143,0.964,25.004,29.972,110.802,2.014,29.053,2.107
103,5.371,37.067,36.326,4.394,0.084,0.891,26.175,30.925,101.466,1.928,29.492,2.076
103.5,5.371,34.598,34.482,4.12,0.013,0.859,26.928,30.485,75.888,1.871,30.713,2.05
104,5.367,36.262,35.683,4.152,0.066,0.916,27.12,30.226,57.157,1.894,30.42,2.053
104.5,5.371,36.833,36.239,4.152,0.067,0.946,27.22,28.997,46.194,1.836,30.762,2.057
105,5.371,38.836,37.602,4.384,0.14,0.963,27.333,28.686,36.416,1.861,31.494,2.067
105.5,5.371,42.997,40.351,4.66,0.3,1.044,26.913,29.558,29.039,1.854,32.959,2.072
106,5.371,34.819,34.525,3.956,0.033,0.901,27.005,29.889,55.577,1.929,33.887,2.08
106.5,5.371,39.679,36.967,4.349,0.308,0.937,26.952,29.722,72.247,1.94,35.498,2.079
107,5.367,42.01,38.203,4.536,0.432,0.958,26.756,29.889,62.497,1.904,34.131,2.086
107.5,5.367,39.25,35.996,4.378,0.369,0.877,27.084,30.747,52.658,1.899,34.082,2.09
108,5.371,35.286,33.008,4.1,0.258,0.783,28.398,30.485,71.391,1.864,32.812,2.097
108.5,5.371,36.831,33.695,4.15,0.356,0.808,28.675,30.485,70.553,1.88,32.91,2.093
109,5.359,37.712,34.36,4.185,0.38,0.836,27.17,30.226,39.264,1.844,32.959,2.093
109.5,5.406,40.463,36.322,4.316,0.47,0.91,24.024,28.997,30.204,1.88,32.91,2.093
110,5.52,40.095,35.889,4.317,0.477,0.887,19.152,25.175,36.197,1.938,32.568,2.101
110.5,5.563,44.089,38.449,4.716,0.64,0.927,14.535,18.406,71.392,1.931,31.689,2.1
111,5.621,43.732,38.216,4.775,0.626,0.9,11.735,12.204,65.204,1.896,29.834,2.092
111.5,5.625,42.529,36.655,4.547,0.666,0.871,9.974,9.026,26.366,1.907,30.371,2.078
112,5.664,42.633,36.195,4.456,0.73,0.869,8.675,7.572,5.753,1.978,35.254,2.064
112.5,5.73,41.305,34.814,4.352,0.736,0.819,7.796,6.783,5.327,1.922,41.114,2.007
113,5.988,59.623,40.661,4.945,2.151,0.991,7.158,6.229,6.055,1.931,45.557,1.884
113.5,6.813,80.015,45.405,6.133,3.926,0.956,6.801,5.94,6.695,2.092,44.287,1.808
114,7.418,87.978,50.416,6.662,4.261,1.098,6.82,6.192,4.446,2.473,44.775,1.84
114.5,6.894,96.752,56.376,7.207,4.58,1.287,6.898,7.013,2.965,2.867,46.436,1.96
115,6.391,99.23,58.046,7.402,4.671,1.33,6.96,7.643,11.915,2.793,46.777,2.086
115.5,6.285,104.369,61.327,7.704,4.882,1.434,7.277,7.392,22.952,2.713,43.554,2.117
116,5.996,102.895,60.433,7.542,4.816,1.425,8.037,7.166,18.913,2.713,40.478,2.135
116.5,5.492,79.538,51.895,6.925,3.136,1.113,9.124,7.895,4.905,2.695,39.014,2.149
117,5.57,74.233,48.264,6.631,2.946,0.988,10.503,9.437,5.189,2.613,41.992,2.158
117.5,5.594,86.947,57.789,8.102,3.307,1.143,11.669,10.992,8.996,2.5,42.48,2.156
118,5.59,96.392,63.835,8.855,3.693,1.286,12.382,12.332,11.483,2.391,43.164,2.142
118.5,5.57,92.01,60.46,8.458,3.579,1.2,13.516,14.286,18.679,2.312,40.723,2.132
119,5.496,79.049,46.105,7.521,3.737,0.651,15.295,16.837,35.557,2.225,39.16,2.119
119.5,5.461,71.999,41.6,6.927,3.448,0.553,17.144,18.125,54.079,2.135,35.742,2.114
120,5.434,62.95,36.266,6.012,3.027,0.488,18.997,18.343,41.426,2.113,33.594,2.106
120.5,5.437,55.082,30.964,5.188,2.736,0.403,20.916,18.697,22.189,2.059,34.717,2.104
121,5.465,56.892,32.216,5.196,2.799,0.47,21.462,19.236,16.802,2.02,37.695,2.084
121.5,5.461,63.854,36.014,5.815,3.158,0.523,21.731,18.631,21.478,2.1,39.551,2.075
122,5.445,74.269,38.372,6.031,4.072,0.598,22.384,18.697,17.691,2.201,38.037,2.073
122.5,5.461,78.929,41.256,6.318,4.273,0.684,23.331,20.811,9.301,2.262,36.23,2.079
123,5.469,86.441,45.412,6.554,4.654,0.852,24.581,25.057,25.158,2.178,36.914,2.074
123.5,5.465,90.365,47.758,6.743,4.833,0.933,26.517,28.307,70.556,2.205,36.768,2.069
124,5.41,123.083,43.246,6.299,9.056,0.797,29.131,31.196,129.935,2.135,34.814,2.077
124.5,5.406,99.426,33.766,4.801,7.448,0.651,34.411,34.515,89.41,1.964,32.226,2.099
125,5.41,52.872,23.568,2.799,3.324,0.591,41.679,39.919,69.735,1.792,32.08,2.106
125.5,5.406,50.554,21.92,2.621,3.248,0.545,47.069,44.019,83.233,1.778,33.301,2.1
126,5.406,57.879,27.851,3.415,3.406,0.672,49.961,46.705,105.007,1.848,32.617,2.097
126.5,5.41,56.044,26.937,3.282,3.302,0.655,51.371,47.323,110.803,1.812,31.445,2.102
127,5.41,44.557,24.831,2.138,2.237,0.823,50.83,47.533,96.582,1.778,30.029,2.089
127.5,5.418,42.884,24.09,2.086,2.132,0.795,50.656,47.959,90.759,1.731,29.15,2.075
128,5.41,41.859,23.633,2.026,2.067,0.785,51.168,48.174,86.833,1.712,29.346,2.07
128.5,5.41,44.78,26.048,2.168,2.125,0.882,51.358,48.833,85.598,1.766,30.566,2.086
129,5.41,46.236,27.242,2.294,2.154,0.915,51.005,49.282,93.581,1.867,32.08,2.104
129.5,5.41,56.583,39.906,5.16,1.892,0.897,50.3,48.392,99.785,1.88,33.936,2.105
130,5.406,56.856,40.525,5.316,1.852,0.892,48.591,46.704,105.006,1.873,32.812,2.1
130.5,5.414,53.135,38.426,5.189,1.668,0.809,47.165,42.96,106.869,1.822,31.543,2.094
131,5.41,48.596,35.743,4.93,1.458,0.727,46.064,39.623,71.387,1.859,29.297,2.09
131.5,5.41,46.91,34.623,4.715,1.394,0.719,44.741,39.332,36.195,1.848,29.15,2.085
132,5.41,61.519,42.114,5.948,2.201,0.822,43.418,39.919,34.144,1.926,30.811,2.083
132.5,5.41,84.594,61.017,7.741,2.674,1.408,42.009,38.904,51.755,2.197,34.766,2.099
133,5.406,103.559,67.304,8.476,4.112,1.568,40.33,37.939,67.395,3.031,36.084,2.164
133.5,5.406,85.9,55.544,8.135,3.443,1.013,39.917,37.409,56.62,2.777,35.547,2.239
134,5.43,66.822,49.927,6.679,1.916,1.067,40.057,37.149,58.264,2.34,34.961,2.241
134.5,5.434,63.66,47.662,6.458,1.815,0.998,39.251,36.893,59.414,1.894,35.254,2.148
135,5.445,60.595,45.424,6.271,1.721,0.923,37.69,36.146,59.414,1.815,37.451,2.072
135.5,5.492,56.176,42.322,6.022,1.571,0.815,35.27,34.515,49.62,1.8,35.937,2.043
136,5.527,62.257,46.91,6.606,1.741,0.921,31.084,32.326,41.143,1.862,35.352,2.056
136.5,5.582,70.122,52.252,7.222,2.027,1.059,27.209,28.533,42.903,1.913,33.203,2.085
137,5.656,70.894,52.789,7.381,2.054,1.049,24.449,23.359,40.049,1.977,31.836,2.116
137.5,5.723,73.702,55.217,7.707,2.097,1.101,22.413,19.77,27.202,1.962,34.424,2.14
138,5.824,69.791,52.811,7.493,1.926,1.023,21.024,18.218,16.896,1.961,35.4,2.147
138.5,5.922,76.729,59.291,8.045,1.978,1.239,20.109,17.674,15.191,1.959,36.524,2.136
139,6.289,81.552,63.17,8.353,2.085,1.374,18.892,17.704,14.223,2.027,36.719,2.118
139.5,6.172,83.68,65.208,8.555,2.095,1.435,18.093,17.587,21.71,2.111,36.523,2.083
140,5.984,83.924,65.981,8.61,2.035,1.463,18.417,17.135,28.091,2.365,36.572,2.113
140.5,6.023,80.321,63.898,8.356,1.863,1.413,19.417,17.704,25.803,2.309,34.863,2.119
141,5.652,77.522,62.168,8.235,1.742,1.349,21.113,19.517,15.346,2.287,35.059,2.166
141.5,5.527,84.373,66.903,8.634,1.982,1.508,23.332,22.241,16.171,2.137,36.328,2.18
142,5.707,92.68,72.825,9.422,2.252,1.635,24.986,24.998,25.585,2.324,37.549,2.168
142.5,5.59,90.985,71.889,9.437,2.166,1.58,26.582,27.02,50.88,2.471,36.963,2.19
143,5.492,86.31,68.32,9.109,2.041,1.467,28.828,28.232,67.395,2.547,35.254,2.246
143.5,5.441,72.838,54.846,9.559,2.041,0.623,30.995,29.477,52.658,2.221,33.398,2.226
144,5.371,69.276,52.448,9.311,1.909,0.554,32.891,31.196,36.636,1.972,33.447,2.174
144.5,5.371,73.264,54.656,9.473,2.111,0.634,34.654,33.333,34.339,1.879,32.959,2.124
145,5.371,55.453,35.165,7.456,2.301,0.072,35.79,33.86,37.319,1.981,31.592,2.125
145.5,5.379,71.996,40.149,7.548,3.612,0.32,36.109,34.627,40.049,2.238,31.25,2.169
146,5.371,65.26,34.585,6.796,3.479,0.203,36.511,35.312,41.714,2.203,33.838,2.191
146.5,5.379,62.333,32.207,6.451,3.417,0.159,36.949,35.784,46.915,2.127,33.74,2.188
147,5.371,63.606,33.042,6.4,3.467,0.217,36.909,35.784,54.568,2.025,34.57,2.178
147.5,5.363,60.871,31.247,6.131,3.36,0.186,36.071,36.146,55.067,2.033,31.982,2.168
148,5.355,60.71,30.76,6.005,3.397,0.19,34.503,35.904,54.568,2.012,33.643,2.139
148.5,5.406,62.127,31.538,6.011,3.47,0.231,32.656,33.753,61.856,2.006,34.375,2.125
149,5.449,61.777,31.234,5.845,3.464,0.256,30.819,30.484,44.161,2.049,34.863,2.123
149.5,5.496,61.646,31.267,5.767,3.446,0.277,30.006,27.648,25.475,2.064,31.787,2.136
150,5.508,65.911,34.197,6.054,3.597,0.365,30.364,26.354,15.625,2.021,31.934,2.137
150.5,5.535,65.869,33.89,6.098,3.627,0.338,30.939,27.365,15.914,2.059,32.227,2.146
151,5.535,74.613,39.423,6.76,3.992,0.475,30.677,30.572,24.148,2.148,34.961,2.156
151.5,5.555,90.745,45.141,7.503,5.173,0.603,29.596,32.326,49.217,2.156,32.812,2.158
152,5.609,91.49,45.477,7.588,5.219,0.6,28.053,31.378,85.601,2.023,32.666,2.151
152.5,5.449,69.295,40.059,6.911,3.316,0.473,26.773,29.396,88.104,1.902,29.98,2.15
153,5.395,57.123,31.812,5.196,2.871,0.448,26.122,27.088,68.936,1.876,29.248,2.156
153.5,5.496,53.674,29.631,4.908,2.727,0.4,26.185,24.151,50.032,1.917,27.246,2.158
154,5.664,61.549,35.352,5.729,2.971,0.508,26.259,22.38,29.756,2.023,32.569,2.184
154.5,5.855,63.073,36.322,5.921,3.034,0.514,25.934,22.958,17.088,2.043,36.524,2.207
155,6.195,76.178,50.206,7.327,2.946,0.922,24.537,24.709,16.709,1.892,37.451,2.11
155.5,6.555,84.224,57.528,8.092,3.028,1.131,22.012,25.414,26.839,1.85,34.082,1.891
156,7.453,85.017,58.489,8.149,3.009,1.17,18.982,23.513,43.841,1.826,29.59,1.813
156.5,6.309,85.86,59.171,8.143,3.027,1.208,16.237,19.517,53.124,2.148,29.443,1.869
157,5.746,82.196,56.975,7.837,2.861,1.164,14.301,15.139,36.636,2.426,32.373,2.092
157.5,5.781,82.082,56.851,7.854,2.862,1.153,12.592,11.944,17.535,2.301,36.866,2.255
158,5.988,79.583,54.729,7.734,2.819,1.067,11.2,10.054,8.836,1.888,44.971,2.231
158.5,6.293,80.536,55.185,7.986,2.876,1.03,10.222,8.958,6.785,1.65,47.559,2.023
159,6.57,87.795,59.519,8.889,3.207,1.043,9.511,8.271,7.677,1.553,50.195,1.729
159.5,7.258,109.558,63.381,9.602,5.238,1.077,9.219,8.069,7.234,1.649,50.293,1.639
160,7.051,124.47,68.023,11.138,6.403,0.95,9.46,8.525,5.81,1.779,52.979,1.659
160.5,7.145,121.758,65.961,11.006,6.329,0.871,10.212,9.758,6.037,1.811,50.39,1.829
161,7.105,130.399,71.081,11.623,6.728,0.997,11.311,11.877,9.613,1.742,42.773,1.908
161.5,6.586,115.077,61.267,10.253,6.104,0.801,12.772,14.461,23.489,1.729,33.642,1.951
162,6.234,113.375,60.102,10.132,6.043,0.768,14.752,16.998,46.553,1.854,28.32,1.991
162.5,6.27,86.004,52.577,8.055,3.792,0.871,17.015,19.77,55.576,1.97,27.978,2.071
163,6.391,71.325,42.582,6.883,3.26,0.617,18.729,21.699,52.202,2.111,27.148,2.154
163.5,6.449,60.037,34.748,5.979,2.869,0.414,19.152,20.77,52.202,2.125,27.295,2.222
164,6.465,57.261,32.623,5.829,2.795,0.335,18.38,17.852,37.786,2.129,31.104,2.242
164.5,6.668,58.655,33.329,6.028,2.873,0.325,17.242,15.357,18.281,2.125,38.916,2.25
165,6.801,65.517,37.891,6.853,3.134,0.369,16.033,14.324,10.357,1.977,43.701,2.229
165.5,7.145,68.173,39.762,7.133,3.223,0.402,14.762,13.627,11.102,1.95,41.26,2.142
166,8.039,74.741,44.212,8.1,3.463,0.405,13.894,12.885,11.891,1.88,38.232,2.061
166.5,8.109,94.341,56.892,10.774,4.248,0.434,13.443,12.67,12.279,1.919,39.844,2.002
167,7.019,96.331,58.168,10.961,4.329,0.458,13.304,13.172,10.842,1.876,41.65,1.997
167.5,6.566,96.5,58.155,10.981,4.349,0.452,13.277,13.822,13.4,1.854,40.674,2.006
168,6.547,116.695,71.805,12.462,5.092,0.829,13.15,13.84,19.216,1.86,39.16,2.04
168.5,6.801,119.119,73.429,12.705,5.183,0.857,12.994,13.287,22.028,1.888,41.211,2.103
169,7.176,104.911,65.535,12.765,4.466,0.413,12.948,12.715,19.093,1.921,43.164,2.148
169.5,8.594,100.145,62.196,12.428,4.304,0.315,12.896,12.375,15.706,1.883,42.578,2.167
170,8.617,89.859,56.267,11.529,3.81,0.214,12.708,12.066,13.705,1.834,43.555,2.158
170.5,8.117,94.13,59.32,11.894,3.948,0.29,12.457,11.798,13.4,1.794,44.824,2.16
171,8.297,91.641,57.84,11.85,3.834,0.22,12.245,11.681,13.023,1.831,41.211,2.157
171.5,8.531,90.581,57.136,11.885,3.794,0.173,12.242,11.733,13.079,1.84,38.672,2.179
172,8.18,91.913,58,12.048,3.847,0.18,12.444,11.957,13.108,1.884,38.135,2.197
172.5,8.664,99.059,62.508,12.617,4.146,0.285,12.942,12.332,13.37,1.857,41.797,2.207
173,8.797,108.349,67.876,13.493,4.591,0.361,13.798,13.027,13.311,1.922,40.625,2.192
173.5,9.242,113.489,71.303,13.943,4.785,0.436,14.712,14.325,13.55,1.876,37.646,2.17
174,9.523,117.068,73.572,14.199,4.934,0.496,15.501,16.027,14.891,1.935,32.275,2.131
174.5,8.391,116.023,72.739,14.132,4.91,0.467,16.395,17.443,22.109,1.884,34.522,2.097
175,7.707,116.684,73.473,14.242,4.901,0.48,17.075,18.094,26.14,1.967,39.258,2.121
175.5,7.77,119.706,75.748,14.394,4.986,0.566,17.67,18.438,27.203,1.656,42.725,2.183
176,8.57,94.099,62.926,12.295,3.536,0.387,18.204,18.566,24.743,1.509,40.429,2.049
176.5,9.609,91.732,61.067,11.984,3.478,0.363,18.315,18.312,23.127,1.485,36.67,1.845
177,10.906,94.061,62.864,12.11,3.539,0.43,18.012,17.792,21.788,1.713,35.547,1.806
177.5,9.18,98.357,65.913,12.326,3.68,0.542,17.566,17.246,20.114,2.191,41.114,1.909
178,7.543,98.629,66.236,12.168,3.674,0.599,17.003,16.731,19.033,2.301,44.678,2.123
178.5,7.633,101.219,67.79,12.172,3.792,0.682,16.557,16.372,18.914,2.451,46.875,2.175
179,8.672,92.836,62.118,11.271,3.484,0.596,16.285,16.003,19.527,2.131,47.803,2.105
179.5,9.961,90.979,60.7,11.003,3.435,0.585,16.34,15.72,19.591,1.9,47.07,1.983
180,10.25,87.147,58.611,10.648,3.237,0.559,16.905,15.79,18.172,1.766,44.873,1.821
180.5,10.211,88.805,59.243,10.639,3.353,0.596,17.647,16.372,16.992,1.867,40.234,1.757
181,10.031,87.728,58.844,10.535,3.276,0.6,18.158,17.558,17.691,2.133,34.13,1.766
181.5,9.742,106.25,73.205,12.988,3.748,0.775,18.748,18.862,20.182,2.316,29.736,1.884
182,9.266,106.462,73.223,13.067,3.77,0.757,19.325,19.77,24.744,2.389,25.341,2.052
182.5,7.371,111.963,76.729,13.469,3.997,0.848,19.907,20.57,27.577,2.244,26.221,2.146
183,6.84,101.907,70.18,12.638,3.599,0.697,20.247,21.309,26.72,2.148,26.66,2.207
183.5,6.223,102.365,70.823,12.643,3.578,0.731,20.469,20.933,28.223,2.105,34.229,2.21
184,6.254,98.285,68.222,12.296,3.41,0.675,20.155,20.067,25.914,2.176,41.016,2.208
184.5,6.93,95.257,66.192,12,3.297,0.638,19.676,19.236,22.864,2.023,45.899,2.225
185,7.621,87.914,61.002,11.259,3.053,0.538,18.928,18.47,20.249,1.915,43.799,2.116
185.5,8.742,84.635,58.483,10.966,2.966,0.474,18.156,17.733,19.981,1.902,41.26,1.955
186,10.133,85.561,58.964,10.93,3.017,0.509,17.479,16.998,19.033,2.105,38.183,1.893
186.5,11.305,83.886,57.65,10.717,2.976,0.49,16.93,16.653,18.854,2.352,37.695,1.949
187,10.914,87.78,60.851,11.049,3.055,0.582,16.627,16.347,18.737,2.283,36.523,2.072
187.5,9.39,91.057,62.92,11.221,3.192,0.652,16.475,15.979,18.507,2.242,39.063,2.105
188,8.766,90.259,62.18,10.987,3.185,0.669,16.442,15.931,17.385,2.145,41.699,2.121
188.5,9.227,90.326,62.021,10.766,3.211,0.716,16.704,16.051,16.849,2.211,44.043,2.161
189,9.5,88.712,61.234,10.567,3.117,0.722,16.884,16.524,16.756,2.23,44.678,2.193
189.5,10.344,90.217,62.332,10.627,3.163,0.767,16.923,17.08,18.227,2.309,43.457,2.217
190,11.5,86.887,60.296,10.472,3.016,0.694,17.252,17.386,20.955,2.244,40.771,2.239
190.5,11.555,78.674,53.051,9.853,2.906,0.453,17.781,17.587,22.19,2.201,38.037,2.23
191,11.117,79.865,54.241,10.18,2.907,0.437,18.589,18.218,20.526,2.158,35.644,2.218
191.5,10.266,80.543,54.88,10.433,2.911,0.409,19.705,19.482,19.464,2.189,35.107,2.18
192,10.984,86.702,59.242,11.239,3.115,0.447,20.807,21.14,21.25,2.125,34.473,2.119
192.5,8.82,86.908,58.91,11.255,3.176,0.425,21.365,22.762,25.804,2.051,35.059,2.017
193,8.109,89.727,61.112,11.542,3.246,0.475,21.55,23.67,30.982,1.997,32.031,1.938
193.5,8.031,93.543,64.058,11.871,3.344,0.553,21.341,23.935,36.416,1.93,27.587,1.888
194,7.957,93.022,63.984,11.822,3.294,0.562,20.708,23.007,36.416,1.899,24.463,1.873
194.5,8.234,88.233,60.754,11.403,3.117,0.489,20.03,20.892,36.862,1.886,23.047,1.877
195,8.688,85.642,58.648,11.125,3.062,0.443,19.538,18.762,26.601,1.854,25.049,1.878
195.5,9.102,83.811,57.095,10.85,3.03,0.427,19.023,17.529,18.795,1.827,28.662,1.874
196,9.438,83.409,56.772,10.749,3.021,0.434,18.47,17.19,14.324,1.766,33.057,1.854
196.5,9.336,86.278,59.236,10.973,3.067,0.513,17.964,17.274,16.042,1.898,37.11,1.803
197,8,101.04,69.091,10.427,3.624,1.184,17.467,17.218,18.855,2.035,41.114,1.77
197.5,7.519,108.978,73.115,10.577,4.068,1.366,17.37,17.246,20.387,2.264,45.411,1.764
198,7.578,111.943,74.93,10.77,4.198,1.417,17.772,17.558,20.738,2.342,44.775,1.803
198.5,7.734,111.867,74.828,10.703,4.201,1.428,18.484,18.156,20.387,2.398,44.141,1.833
199,7.887,107.102,71.25,10.334,4.067,1.324,19.471,18.929,20.882,2.346,40.527,1.856
199.5,7.73,116.656,76.23,10.853,4.586,1.467,20.359,19.77,21.478,2.299,40.381,1.857
200,7.406,117.851,76.905,10.952,4.645,1.479,20.955,20.73,23.217,2.291,42.334,1.887
200.5,7.203,117.526,75.607,10.814,4.755,1.443,21.482,21.567,26.027,2.371,45.02,1.909
201,7.152,115.564,74.035,10.732,4.711,1.377,21.708,22.012,29.757,2.457,43.896,1.943
201.5,7.098,110.157,69.771,10.358,4.581,1.238,21.984,21.743,29.466,2.748,40.234,1.994
202,7.039,100.584,61.368,9.356,4.448,1.028,22.634,21.567,28.222,3.32,38.232,2.085
202.5,7.258,102.977,62.523,9.336,4.589,1.096,23.276,21.611,24.948,3.006,39.6,2.194
203,8.016,103.948,63.083,9.289,4.635,1.138,24.138,22.428,23.039,2.588,40.479,2.256
203.5,7.996,98.833,59.358,8.798,4.478,1.056,25.48,23.41,21.947,2.23,39.014,2.22
204,7.133,119.504,70.114,9.531,5.602,1.461,27.041,25.72,23.767,2.242,34.57,2.174
204.5,6.41,124.737,73.11,9.825,5.856,1.551,28.32,29.156,26.72,2.33,30.175,2.194
205,6.406,129.373,75.976,10.095,6.057,1.64,29.975,32.424,50.455,2.361,29.883,2.244
205.5,6.047,138.103,78.745,10.573,6.733,1.673,32.369,33.753,77.854,2.484,30.127,2.279
206,5.633,140.32,79.357,10.644,6.915,1.689,35.21,35.665,75.888,2.299,29.785,2.261
206.5,5.285,117.734,61.523,8.958,6.376,1.135,39.169,38.763,46.549,2.211,27.783,2.215
207,5.281,101.41,50.985,7.424,5.72,0.94,41.949,43.308,47.283,2.113,27.197,2.202
207.5,5.285,99.196,49.219,7.247,5.669,0.888,42.773,45.515,58.265,2.367,28.027,2.25
208,5.293,95.137,46.715,7.016,5.493,0.809,43.4,45.322,75.89,2.611,27.539,2.326
208.5,5.313,92.537,44.567,6.841,5.441,0.735,45.24,45.131,67.393,2.449,26.562,2.345
209,5.09,80.888,42.336,6.902,4.373,0.599,46.708,48.833,51.752,2.375,25.537,2.278
209.5,5.16,79.748,41.679,6.818,4.318,0.584,48.229,54.272,65.92,2.252,25,2.223
210,5.227,82.151,43.551,7.001,4.378,0.64,49.578,56.862,127.192,2.211,24.609,2.212
210.5,5.234,85.284,45.718,7.264,4.488,0.693,48.854,56.561,192.125,2.051,22.656,2.195
211,5.23,69.831,36.758,5.931,3.751,0.535,47.642,54.547,157.039,1.95,21.142,2.121
211.5,5.23,61.034,30.66,5.328,3.445,0.352,46.322,49.281,127.184,1.94,21.582,2.052
212,5.23,59.46,29.474,5.071,3.401,0.351,44.539,42.959,88.1,1.982,23.193,2.032
212.5,5.234,60.376,30.001,4.991,3.445,0.399,42.693,38.762,61.224,2.002,24.17,2.064
213,5.25,64.254,32.68,5.155,3.581,0.505,40.126,35.784,37.549,2.051,24.805,2.098
213.5,5.254,73.128,38.65,5.524,3.911,0.739,38.584,34.404,33.02,2.242,26.416,2.158
214,5.355,90.129,49.098,6.519,4.654,1.061,36.968,33.647,29.322,2.377,29.248,2.225
214.5,5.41,98.107,53.478,7.161,5.062,1.141,35.746,33.437,32.312,2.375,29.59,2.298
215,5.492,100.973,54.777,7.336,5.24,1.168,34.648,33.127,35.347,2.346,29.883,2.315
215.5,5.512,102.908,55.975,7.397,5.324,1.219,34.434,34.294,35.981,2.383,28.076,2.329
216,5.547,99.831,53.749,7.096,5.227,1.172,34.314,36.146,39.266,2.59,29.248,2.346
216.5,5.516,96.293,51.387,6.769,5.094,1.124,33.593,36.894,55.577,2.512,29.443,2.343
217,5.437,82.515,40.599,5.708,4.754,0.799,33.187,36.516,76.859,2.346,29.004,2.334
217.5,5.449,81.193,39.278,5.692,4.754,0.731,31.169,33.541,96.585,2.158,27.734,2.309
218,5.484,77.99,37.069,5.526,4.642,0.652,30.635,30.226,65.916,2.158,28.369,2.272
218.5,5.508,89.788,42.796,7.062,5.33,0.584,30.695,27.648,38.023,2.168,30.225,2.263
219,5.625,120.742,59.667,9.176,6.928,0.98,30.727,26.952,21.4,2.184,31.592,2.257
219.5,5.883,155.508,81.5,11.454,8.395,1.605,30.387,27.72,19.784,2.043,31.348,2.245
220,5.984,157.984,83.194,11.696,8.483,1.638,29.549,29.076,24.642,2.025,33.057,2.253
220.5,5.766,128.892,63.678,9.541,7.397,1.108,28.445,30.226,33.021,1.999,33.105,2.286
221,5.441,109.513,59.337,8.834,5.692,1.046,27.604,30.226,46.553,2.137,31.689,2.29
221.5,5.434,95.193,58.475,8.233,4.165,1.148,27.46,29.235,60.007,2.309,29.394,2.294
222,5.437,95.001,58.322,8.187,4.16,1.151,28.13,27.506,54.077,2.328,28.076,2.291
222.5,5.457,97.215,59.686,8.356,4.257,1.183,29.41,26.884,34.935,2.236,28.125,2.276
223,5.449,111.596,66.315,9.204,5.136,1.335,30.713,27.577,24.742,2.004,28.223,2.256
223.5,5.391,110.105,65.348,9.046,5.077,1.321,31.913,28.998,25.052,1.939,29.297,2.273
224,5.238,106.318,62.91,8.694,4.924,1.275,33.257,31.196,27.703,1.991,29.102,2.295
224.5,5.254,108.455,64.505,8.884,4.985,1.315,34.497,35.196,29.18,2.115,28.711,2.306
225,5.203,86.71,57.541,7.07,3.309,1.384,36.647,40.37,44.821,2.064,30.371,2.295
225.5,5.191,85.76,57.051,7.017,3.256,1.371,40.275,45.709,82.101,1.92,33.692,2.23
226,5.191,66.067,52.972,7.931,1.485,0.923,44.52,51.409,129.935,1.812,34.961,2.132
226.5,5.195,51.761,47.341,7.466,0.501,0.732,50.681,57.471,153.053,1.784,34.326,2.072
227,5.16,50.428,46.784,7.235,0.413,0.759,55.969,61.775,145.645,1.813,33.691,2.048
227.5,5.164,49.065,46.053,6.884,0.342,0.806,59.325,65.152,149.257,1.794,33.984,2.041
228,5.164,46.628,44.176,6.611,0.278,0.771,60.587,66.774,142.205,1.791,32.666,2.045
228.5,5.117,45.904,43.619,6.52,0.259,0.763,60.166,66.361,138.925,1.756,31.494,2.06
229,5.082,54.413,48.504,6.541,0.67,1.024,56.532,63.606,129.93,1.817,30.566,2.069
229.5,5.082,53.59,47.881,6.348,0.648,1.037,54.701,60.045,122.03,1.846,30.615,2.083
230,5.109,58.059,50.713,6.592,0.833,1.131,52.701,55.392,108.799,1.875,29.883,2.105
230.5,5.172,55.459,48.952,6.381,0.738,1.088,52.555,51.656,79.915,1.918,29.297,2.145
231,5.254,71.839,57.964,8.618,1.574,1.025,53.201,50.679,54.075,2.029,27.197,2.198
231.5,5.246,80.802,62.974,8.999,2.022,1.204,53.092,53.728,45.496,1.994,27.344,2.231
232,5.195,66.878,47.688,6.168,2.177,1.071,52.014,56.862,76.86,1.885,29.151,2.198
232.5,5.16,58.414,41.26,4.954,1.946,1.021,51.067,56.265,127.191,1.792,30.957,2.118
233,5.16,55.516,39.29,4.752,1.841,0.964,48.671,53.459,149.258,1.755,30.859,2.072
233.5,5.16,57.726,40.776,4.974,1.923,0.99,48.229,51.656,124.553,1.79,29.785,2.075
234,5.16,67.502,50.652,6.393,1.911,1.177,47.565,48.611,106.867,1.824,29.98,2.099
234.5,5.184,71.081,53.195,6.689,2.029,1.242,46.187,44.941,78.867,2.07,30.762,2.134
235,5.262,79.265,59.702,7.362,2.219,1.43,44.77,41.787,51.75,2.029,29.59,2.151
235.5,5.363,95.086,73.352,9.237,2.465,1.71,42.378,40.831,35.139,2.035,29.492,2.135
236,5.578,99.206,76.297,9.547,2.599,1.793,38.605,40.218,40.05,1.907,29.15,2.091
236.5,5.543,89.126,69.381,8.852,2.24,1.589,35.567,36.268,56.622,1.987,29.395,2.089
237,5.457,84.357,66.104,8.603,2.07,1.472,32.739,31.563,56.093,2.035,28.711,2.145
237.5,5.68,101.574,75.4,10.212,2.969,1.58,31.117,28.686,38.51,2.184,28.027,2.198
238,6,115.142,83.703,10.321,3.566,2.005,30.266,27.088,26.138,2.223,27.49,2.244
238.5,6.27,104.715,75.406,9.398,3.325,1.782,29.498,26.55,23.766,2.248,29.346,2.26
239,6.352,109.688,78.381,9.646,3.551,1.882,28.257,26.616,25.369,2.16,31.201,2.25
239.5,6.234,112.222,79.822,9.743,3.675,1.937,28.184,26.616,28.091,2.141,32.813,2.238
240,6.004,102.696,71.809,8.753,3.504,1.745,28.107,26.816,29.466,2.16,32.324,2.241
240.5,5.871,101.368,70.824,8.536,3.465,1.745,28.627,27.648,29.466,2.148,30.664,2.271
241,5.664,106.347,74.175,8.727,3.649,1.88,30.151,29.558,28.091,2.152,29.639,2.272
241.5,5.582,100.667,70.175,8.21,3.459,1.79,31.23,31.941,29.039,2.145,29.785,2.27
242,5.387,91.806,63.371,7.211,3.225,1.667,32.007,34.076,43.842,2.098,29.932,2.255
242.5,5.285,80.087,49.936,5.995,3.42,1.236,31.997,34.294,71.393,2.061,29.59,2.232
243,5.363,77.058,47.722,5.794,3.328,1.165,32.293,33.024,82.098,1.981,27.734,2.19
243.5,5.418,77.434,47.677,5.863,3.375,1.146,34.469,31.195,58.83,2.031,27.832,2.177
244,5.516,86.797,53.594,6.672,3.766,1.268,36.956,32.229,34.141,2.006,27.93,2.205
244.5,5.465,79.399,48.515,6.221,3.503,1.103,38.484,36.642,26.253,1.922,29.59,2.235
245,5.203,78.521,48.036,6.281,3.458,1.062,39.154,40.832,49.624,1.822,31.25,2.225
245.5,5.207,78.84,48.33,6.411,3.461,1.046,39.43,42.789,78.874,1.85,31.787,2.191
246,5.203,86.68,53.572,7.322,3.755,1.106,40.275,44.019,95.06,1.896,33.057,2.162
246.5,5.199,83.659,51.483,7.228,3.65,1.016,44.245,43.839,82.096,1.922,32.812,2.139
247,5.203,77.487,47.494,6.873,3.402,0.886,49.52,45.709,63.82,1.927,32.568,2.14
247.5,5.199,84.613,52.214,7.426,3.675,1.007,53.781,51.409,45.153,1.898,31.445,2.156
248,5.203,74.086,45.123,6.664,3.285,0.809,57.551,60.384,60.612,1.776,32.373,2.172
248.5,5.203,40.542,21.479,2.1,2.162,0.65,59.614,65.152,110.809,1.64,32.617,2.126
249,5.203,30.957,13.299,0.871,2.003,0.508,60.393,67.192,180.603,1.575,32.568,2.063
249.5,5.203,31.773,13.743,1.022,2.045,0.495,62.745,68.479,175.334,1.703,31.299,2.034
250,5.199,46.456,25.561,3.466,2.37,0.535,69.285,71.682,149.253,1.748,32.129,2.052
250.5,5.203,46.353,25.272,3.579,2.391,0.491,72.569,74.676,132.795,1.792,32.08,2.063
251,5.203,43.842,23.014,3.324,2.362,0.431,75.819,77.93,129.931,1.657,33.252,2.067
251.5,5.199,40.102,20.17,3.037,2.261,0.347,78.268,80.867,132.797,1.685,31.885,2.066
252,5.203,39.525,19.305,3.048,2.294,0.298,77.684,81.48,142.207,1.703,31.103,2.062
252.5,5.199,41.11,20.281,3.133,2.363,0.33,78.268,82.737,149.257,1.749,29.199,2.06
253,5.195,43.629,21.643,3.227,2.494,0.38,78.297,82.103,157.043,1.71,31.348,2.055
253.5,5.195,36.153,16.157,2.604,2.268,0.236,77.684,84.033,161.249,1.624,31.982,2.052
254,5.195,29.811,12.654,1.826,1.946,0.237,79.16,84.696,161.248,1.615,32.178,2.049
254.5,5.191,26.99,11.041,1.63,1.809,0.198,78.801,84.696,157.042,1.603,29.785,2.051
255,5.156,29.521,13.137,2.024,1.858,0.215,78.712,84.696,153.05,1.66,30.762,2.048
255.5,5.141,32.04,15.011,2.234,1.932,0.265,78.712,85.369,145.645,1.698,29.248,2.054
256,5.145,33.36,16.311,2.39,1.934,0.297,79.16,82.737,145.646,1.733,30.908,2.059
256.5,5.145,30.559,14.623,2.321,1.808,0.222,78.121,82.104,145.646,1.74,30.469,2.064
257,5.141,29.758,14.39,2.316,1.743,0.211,77.917,82.104,145.646,1.677,31.592,2.059
257.5,5.137,35.062,18.439,2.933,1.886,0.279,77.138,81.48,145.646,1.646,30.762,2.058
258,5.137,34.336,18.375,3.061,1.81,0.244,75.846,81.48,145.646,1.622,31.445,2.057
258.5,5.137,34.022,18.698,3.097,1.738,0.252,74.171,78.5,149.256,1.633,32.373,2.056
259,5.133,36.017,20.474,3.244,1.763,0.313,72.493,76.268,145.646,1.626,32.471,2.061
259.5,5.137,26.343,16.621,2.789,1.103,0.215,72.62,74.159,135.792,1.606,30.859,2.058
260,5.137,36.988,23.585,3.174,1.52,0.499,71.571,72.653,124.555,1.636,29.541,2.063
260.5,5.105,33.249,20.977,3.009,1.392,0.398,71.62,75.73,115.036,1.638,30.127,2.068
261,5.086,31.016,19.066,2.842,1.355,0.335,71.744,77.368,119.607,1.634,31.543,2.078
261.5,5.086,31.39,19.162,2.815,1.387,0.347,70.267,77.93,132.797,1.63,32.373,2.081
262,5.082,29.554,17.687,2.539,1.346,0.335,69.354,76.814,142.206,1.682,31.934,2.078
262.5,5.082,31.268,18.66,2.521,1.43,0.393,69.913,76.814,145.646,1.678,32.031,2.067
263,5.082,32.968,19.055,2.52,1.578,0.414,68.917,76.814,142.206,1.688,33.008,2.059
263.5,5.09,35.028,20.215,2.619,1.68,0.453,68.803,75.73,135.792,1.683,32.422,2.059
264,5.086,36.103,20.635,2.758,1.755,0.441,68.419,75.73,129.931,1.687,31.055,2.069
264.5,5.086,32.419,17.684,2.517,1.671,0.34,67.906,76.268,127.186,1.668,30.713,2.076
265,5.09,36.153,20.217,2.771,1.808,0.416,67.465,76.268,135.792,1.596,31.152,2.072
265.5,5.16,27.86,17.899,2.063,1.13,0.464,68.374,76.268,142.206,1.634,31.982,2.053
266,5.168,33.199,22.057,2.564,1.264,0.567,67.773,76.268,145.646,1.661,31.055,2.055
266.5,5.172,32.083,21.223,2.649,1.232,0.5,69.1,77.368,138.925,1.737,30.762,2.06
267,5.172,39.545,26.684,3.911,1.459,0.486,68.622,77.368,142.206,1.728,31.787,2.068
267.5,5.172,38.397,25.936,3.903,1.413,0.447,67.95,77.93,145.646,1.71,33.057,2.058
268,5.172,33.234,22.875,3.618,1.175,0.351,67.225,75.73,149.256,1.713,34.082,2.05
268.5,5.172,33.472,23.138,3.59,1.172,0.372,66.347,74.675,142.206,1.687,31.494,2.043
269,5.172,39.663,26.671,3.975,1.474,0.469,65.884,74.675,132.797,1.724,30.615,2.056
269.5,5.18,41.253,27.733,4.091,1.534,0.498,65.718,74.159,127.186,1.686,32.764,2.068
270,5.168,38.931,26.084,3.954,1.457,0.443,67.095,75.73,132.797,1.686,35.156,2.074
270.5,5.172,32.592,22.389,3.543,1.157,0.343,64.137,78.5,135.792,1.638,34.814,2.063
271,5.168,31.033,21.801,3.375,1.047,0.353,56.029,77.93,135.792,1.664,32.227,2.062
271.5,5.203,38.745,27.444,3.828,1.282,0.548,44.169,67.192,132.797,1.728,31.787,2.064
272,5.211,37.175,26.822,3.68,1.174,0.55,31.726,48.611,138.925,1.77,32.666,2.068
272.5,5.227,36.094,26.334,3.524,1.107,0.562,23.337,30.485,145.646,1.798,32.52,2.054
273,5.262,44.318,31.796,4.022,1.42,0.737,18.59,18.566,74.023,1.901,32.422,2.039
273.5,5.523,85.333,57.054,8.832,3.208,0.923,15.777,13.489,28.625,1.999,35.889,2.052
274,6.082,108.355,67.553,10.347,4.628,1.12,13.898,11.746,6.173,2.195,43.359,2.074
274.5,7.039,110.107,68.434,10.628,4.727,1.098,12.52,10.981,6.636,2.242,46.924,2.122
275,7.594,104.964,64.67,10.32,4.571,0.97,11.483,10.43,8.166,2.23,46.484,2.196
275.5,7.859,105.393,64.688,10.424,4.617,0.945,10.881,10.219,9.33,2.131,45.166,2.25
276,8.125,101.765,62.122,10.211,4.497,0.858,11.025,10.565,10.707,2.062,42.725,2.268
276.5,8.453,99.668,60.608,10.053,4.431,0.815,11.671,11.492,11.122,2.088,39.355,2.277
277,8.352,92.203,55.711,9.533,4.139,0.677,12.586,12.746,13.311,2.123,33.154,2.308
277.5,8.477,92.773,56.218,9.561,4.146,0.697,13.595,14.267,16.756,2.176,33.74,2.339
278,9.125,88.566,53.574,9.301,3.969,0.618,14.738,15.491,22.951,2.264,36.865,2.36
278.5,10.922,80.302,49.164,9.052,3.532,0.439,15.604,15.955,23.488,2.303,37.158,2.328
279,11.188,71.292,43.597,8.529,3.142,0.266,16.293,16.027,21.101,2.246,36.67,2.289
279.5,9.25,78.624,48.508,9.078,3.416,0.397,16.691,16.075,17.04,2.152,35.547,2.301
280,9.508,91.244,61.668,11.262,3.355,0.574,16.471,15.884,15.872,2.189,35.303,2.298
280.5,9.898,79.25,59.787,10.494,2.208,0.661,15.722,15.357,15.956,2.273,36.426,2.277
281,8.703,85.633,63.868,11.113,2.469,0.73,14.883,14.619,15.504,2.307,38.965,2.222
281.5,7.602,90.558,67.075,11.46,2.664,0.819,14.247,13.858,14.602,2.344,40.283,2.205
282,7.605,95.134,69.961,11.766,2.855,0.9,13.686,13.139,14.29,2.393,38.916,2.173
282.5,7.891,98.346,71.802,11.853,3.011,0.979,13.258,12.61,13.37,2.518,39.6,2.146
283,8.164,100.041,72.754,11.825,3.095,1.038,12.929,12.275,13.4,2.586,39.014,2.103
283.5,8.273,104.885,76.028,12.014,3.273,1.169,12.736,12.107,12.483,2.555,40.234,2.092
284,8,104.079,75.274,11.847,3.267,1.169,12.745,12.093,12.801,2.58,38.525,2.121
284.5,7.875,102.263,73.892,11.528,3.218,1.173,13.016,12.303,12.509,2.582,39.355,2.195
285,8.133,102.983,74.285,11.467,3.255,1.21,13.488,12.932,12.561,2.76,36.719,2.258
285.5,8.367,101.611,73.005,11.163,3.245,1.215,14.332,13.858,13.49,2.832,35.84,2.341
286,8.516,99.107,71.232,10.902,3.162,1.183,15.447,15.117,14.965,2.824,34.814,2.387
286.5,8.773,94.083,67.599,10.361,3.004,1.119,16.949,17.025,16.481,2.738,30.273,2.42
287,8.773,90.17,65.226,9.927,2.829,1.097,18.643,19.625,20.667,2.52,26.172,2.405
287.5,8.375,82.161,59.538,9.335,2.566,0.934,20.727,22.195,24.541,2.492,22.168,2.392
288,8.344,78.614,57.311,9.219,2.416,0.841,22.48,24.652,36.197,2.473,20.898,2.384
288.5,7.977,85.882,62.896,10.01,2.607,0.95,24.252,26.16,38.026,2.521,22.119,2.4
289,7.52,78.014,57.569,9.324,2.319,0.829,25.986,26.884,44.819,2.529,24.756,2.414
289.5,7.664,85.528,62.047,9.698,2.663,0.981,26.882,26.952,34.339,2.635,27.197,2.416
290,7.293,86.406,63.154,9.807,2.637,1.014,27.224,27.157,32.841,2.83,30.713,2.396
290.5,6.754,88.06,63.674,9.834,2.766,1.036,27.325,26.816,30.357,2.844,31.445,2.324
291,6.25,86.137,61.739,9.561,2.767,0.998,26.977,26.55,29.905,2.754,32.129,2.274
291.5,6.074,89.804,64.116,9.792,2.914,1.07,27.005,26.749,28.625,2.51,31.299,2.24
292,6.285,93.724,66.214,9.938,3.121,1.148,27.098,27.72,31.468,2.393,30.322,2.243
292.5,6.434,90.367,63.55,9.527,3.042,1.105,27.601,28.61,32.312,2.295,29.59,2.284
293,6.492,93.837,65.929,9.745,3.166,1.18,28.723,29.558,35.981,2.143,27.441,2.314
293.5,5.957,95.332,66.945,9.899,3.22,1.197,30.173,31.015,36.862,2.033,28.564,2.309
294,5.746,92.44,64.724,9.784,3.144,1.105,31.359,32.722,44.488,1.953,28.76,2.283
294.5,5.684,90.379,63.36,9.647,3.065,1.065,32.207,34.294,47.283,1.954,29.932,2.272
295,5.613,90.742,63.972,9.706,3.036,1.083,32.122,34.966,47.657,1.952,29.639,2.295
295.5,5.48,94.677,66.163,10.018,3.234,1.126,30.423,34.627,48.037,1.876,27.93,2.32
296,5.414,95.401,67.101,10.382,3.21,1.087,27.893,31.94,60.006,1.919,27.246,2.314
296.5,5.422,99.013,69.721,10.857,3.323,1.112,26.162,26.616,75.889,2.186,29.688,2.326
297,5.469,101.431,72.471,11.242,3.285,1.166,25.502,22.617,41.427,2.654,34.619,2.362
297.5,5.77,99.681,71.408,11.362,3.207,1.079,24.934,21.787,17.955,3.115,41.504,2.421
298,6.324,100.185,72.527,11.777,3.137,1.037,24.126,23.359,10.98,3.135,43.066,2.414
298.5,7.266,103.607,75.336,12.282,3.207,1.066,22.763,23.565,22.19,2.58,43.604,2.204
299,9.148,101.783,74.298,12.334,3.118,0.996,21.153,22.475,33.573,2.166,39.6,1.902
299.5,9.469,94.909,70.193,12.119,2.804,0.826,20.49,21.352,33.761,1.725,40.967,1.741
300,7.309,96.664,72.262,12.549,2.768,0.832,20.614,20.73,26.959,1.639,42.92,1.707
300.5,6.039,97.811,72.677,12.7,2.851,0.818,20.643,20.258,23.039,1.749,44.531,1.79
301,5.812,102.088,76.389,13.329,2.915,0.864,20.229,19.589,21.101,2.174,41.65,1.917
301.5,5.84,105.154,79.932,13.912,2.861,0.913,19.722,19.03,21.71,2.668,40.869,2.035
302,5.867,104.505,79.446,13.839,2.842,0.905,19.034,18.312,20.047,2.967,39.551,2.123
302.5,5.93,111.937,87.071,14.652,2.821,1.119,18.599,17.912,18.679,3.016,40.234,2.16
303,6.027,111.263,86.756,14.532,2.78,1.131,18.641,17.645,18.172,3.096,39.404,2.175
303.5,6.172,107.757,85.839,14.37,2.486,1.121,18.802,17.852,18.507,3.221,39.063,2.205
304,6.297,100.108,81.641,13.679,2.095,1.063,19.232,18.502,19.033,3.291,35.986,2.237
304.5,6.301,100.226,82.729,13.769,1.985,1.101,19.644,19.446,19.849,3.031,35.693,2.257
305,6.289,100.166,83.039,13.698,1.943,1.135,19.676,20.143,22.692,2.832,33.008,2.259
305.5,6.262,98.346,82.582,13.601,1.788,1.134,19.499,20.22,26.14,2.607,32.08,2.244
306,6.18,95.801,81.316,13.508,1.643,1.088,19.109,19.411,26.839,2.434,31.592,2.223
306.5,6.172,94.582,80.795,13.529,1.564,1.054,18.677,18.125,23.488,2.361,32.08,2.165
307,6.207,110.575,94.908,16.81,1.777,1.012,18.477,17.19,18.973,2.4,34.521,2.079
307.5,6.324,101.775,88.32,16.079,1.526,0.834,18.324,16.731,16.214,2.408,36.377,2.032
308,6.473,123.725,89.467,16.205,3.886,0.866,18.16,16.627,15.002,2.287,39.795,1.995
308.5,6.602,123.419,88.944,16.214,3.91,0.835,17.93,16.891,15.269,2.225,43.555,1.959
309,6.605,100.991,63.15,10.842,4.292,0.758,17.667,17.33,17.235,2.348,43.945,1.925
309.5,6.551,97.977,61.181,10.605,4.174,0.71,17.56,17.674,20.596,2.49,42.139,1.96
310,6.41,89.225,54.461,9.909,3.943,0.516,17.685,17.674,23.127,2.426,38.77,1.995
310.5,5.914,89.985,54.781,9.984,3.993,0.515,17.923,17.704,22.355,2.42,36.963,2.02
311,5.781,102.601,63.828,10.672,4.398,0.837,18.212,17.733,20.667,2.516,36.182,2.035
311.5,5.906,101.069,63.009,10.537,4.317,0.826,18.368,17.616,19.464,2.578,36.182,2.073
312,5.906,104.236,65.281,10.71,4.419,0.907,18.089,17.358,18.227,2.494,37.012,2.131
312.5,5.906,106.179,66.645,10.773,4.484,0.965,17.579,17.274,18.338,2.551,38.281,2.174
313,5.91,104.446,65.424,10.552,4.426,0.953,16.931,16.998,18.914,2.742,36.23,2.174
313.5,6.023,101.036,63.556,10.334,4.251,0.906,16.5,16.422,19.719,2.666,34.619,2.184
314,6.141,107.637,68.196,10.986,4.474,0.997,16.252,15.72,19.154,2.521,33.008,2.185
314.5,6.457,104.743,66.327,10.874,4.358,0.923,16.331,15.424,17.955,2.453,34.082,2.183
315,6.855,114.855,72.938,11.626,4.755,1.097,16.577,15.582,15.956,2.637,36.963,2.183
315.5,6.965,111.535,70.428,11.408,4.663,1.014,16.817,16.124,14.891,2.766,39.551,2.196
316,6.977,115.666,73.314,11.821,4.804,1.069,16.992,16.998,16.258,3.006,39.209,2.215
316.5,6.973,113.77,72.013,11.766,4.737,1.012,17.108,17.674,18.914,3.137,38.135,2.23
317,6.992,119.027,75.387,12.09,4.95,1.116,17.57,17.733,24.948,3.031,36.816,2.245
317.5,7.121,105.528,66.198,10.69,4.461,0.962,18.636,17.733,22.272,2.748,36.768,2.262
318,7.156,103.009,64.401,10.438,4.379,0.926,20.153,18.996,19.216,2.633,36.865,2.253
318.5,7.223,85.573,62.325,9.951,2.637,0.933,21.247,21.567,18.679,2.801,32.666,2.262
319,7.328,77.194,56.571,9.382,2.339,0.761,21.589,23.41,25.369,2.367,30.469,2.294
319.5,7.863,78.411,57.462,9.415,2.376,0.801,21.252,23.462,40.049,1.972,30.811,2.16
320,8.328,81.803,59.91,9.632,2.483,0.881,20.716,22.811,41.144,1.775,34.814,1.843
320.5,8.461,84.445,61.865,9.774,2.561,0.952,20.446,21.611,33.952,1.761,37.402,1.709
321,8.523,94.08,68.15,10.417,2.941,1.135,19.925,19.807,24.743,2.045,36.914,1.722
321.5,8.641,102.643,73.653,11.231,3.288,1.233,18.94,18.343,18.973,2.293,36.035,1.896
322,8.633,104.38,74.993,11.469,3.333,1.248,17.661,17.33,16.617,2.312,35.303,2.039
322.5,8.547,109.17,77.694,11.931,3.57,1.28,16.56,16.372,15.666,2.273,35.645,2.097
323,8.25,104.908,74.597,11.682,3.438,1.173,15.383,15.446,15.585,2.125,35.498,2.11
323.5,7.797,98.062,70.453,11.431,3.132,1.01,14.508,14.599,15.956,2.164,38.672,2.098
324,7.566,100.569,72.419,11.744,3.193,1.04,14.204,13.733,15.956,2.258,38.428,2.092
324.5,7.496,117.432,89.577,14.629,3.16,1.261,13.856,13.371,14.497,2.508,41.211,2.101
325,7.492,119.602,90.754,14.865,3.272,1.267,13.664,13.188,13.34,2.559,40.43,2.124
325.5,7.43,118.203,89.803,14.786,3.221,1.234,13.558,13.075,13.705,2.631,41.846,2.137
326,7.074,106.718,82.28,14.397,2.772,0.921,13.463,12.948,13.43,2.652,43.945,2.137
326.5,6.949,104.069,80.599,14.396,2.662,0.83,13.453,12.995,14.393,2.662,45.117,2.139
327,6.855,100.558,78.163,14.266,2.54,0.729,13.595,13.156,14.189,2.465,44.092,2.123
327.5,6.531,102.763,79.796,14.602,2.605,0.735,13.961,13.472,14.965,2.238,40.381,2.108
328,6.199,104.613,81.283,14.826,2.646,0.761,14.381,14.004,14.393,2.156,38.818,2.108
328.5,5.742,105.533,82.047,14.992,2.664,0.762,14.956,14.68,15.872,2.16,38.525,2.144
329,5.566,91.577,67.653,12.677,2.714,0.55,15.835,15.161,16.084,2.217,38.867,2.193
329.5,5.539,93.429,68.707,12.789,2.804,0.58,16.735,16.173,17.285,2.229,39.16,2.262
330,5.535,95.481,70.272,13.018,2.86,0.608,17.693,17.472,17.537,2.277,38.965,2.317
330.5,5.535,94.417,69.393,12.956,2.839,0.576,18.575,18.566,19.784,2.377,38.477,2.36
331,5.488,95.096,69.581,12.932,2.894,0.592,19.004,19.844,23.306,2.412,35.01,2.398
331.5,5.437,96.51,70.626,12.992,2.936,0.634,19.194,20.181,26.485,2.455,32.91,2.388
332,5.437,96.446,70.472,12.959,2.946,0.634,19.131,19.734,28.49,2.408,31.299,2.346
332.5,5.434,98.069,71.069,12.996,3.063,0.657,19.168,18.795,24.148,2.32,31.982,2.302
333,5.516,99.024,71.599,13.128,3.111,0.653,19.138,18.249,20.25,2.305,35.156,2.265
333.5,5.5,104.355,75.348,13.64,3.29,0.731,19.226,18.125,16.992,2.439,35.4,2.267
334,5.465,119.093,81.036,13.676,4.317,1.031,19.066,18.502,17.335,2.676,36.865,2.309
334.5,5.516,116.099,78.991,13.42,4.209,0.983,18.919,18.895,18.227,2.68,36.084,2.35
335,5.598,110.553,74.941,12.95,4.039,0.879,18.877,19.34,20.387,2.451,36.279,2.353
335.5,5.645,102.866,69.874,12.358,3.742,0.75,19.17,19.734,23.397,2.293,36.328,2.372
336,5.652,104.236,70.867,12.489,3.785,0.771,19.667,19.955,27.08,2.145,32.813,2.374
336.5,5.625,102.764,69.411,12.39,3.783,0.716,20.308,20.22,26.369,2.105,32.422,2.367
337,5.492,110.794,74.284,13.142,4.141,0.796,21.026,21.016,25.369,2.127,31.006,2.35
337.5,5.473,114.25,76.326,13.447,4.302,0.832,21.48,21.699,24.642,2.271,31.152,2.33
338,5.473,114.891,76.25,13.419,4.383,0.834,22.134,22.287,24.642,2.449,31.543,2.314
338.5,5.492,113.316,74.696,13.24,4.381,0.794,23.194,22.57,22.522,2.379,32.373,2.321
339,5.523,119.37,78.144,13.554,4.676,0.904,24.976,23.775,21.554,2.311,33.398,2.332
339.5,5.539,149.076,96.483,16.489,5.966,1.177,27.992,27.436,21.401,2.504,32.861,2.353
340,5.496,148.453,95.875,16.401,5.964,1.166,30.944,33.753,22.606,3.02,32.568,2.399
340.5,5.437,119.286,66.952,10.15,5.936,1.136,34.155,42.449,61.855,3.809,31.543,2.493
341,5.437,66.743,51.698,7.998,1.707,0.837,37.061,46.909,205.215,3.391,25.977,2.562
341.5,5.441,54.756,45.831,7.726,1.012,0.585,40.888,51.409,392.504,3.129,19.873,2.575
342,5.437,51.668,44.113,7.583,0.857,0.527,45.21,53.998,237.609,2.631,16.26,2.502
342.5,5.437,50.451,43.538,7.54,0.784,0.507,47.337,53.727,124.555,2.398,19.385,2.386
343,5.437,49.37,42.919,7.416,0.732,0.504,46.218,47.959,83.232,2.256,24.268,2.28
343.5,5.492,56.729,47.892,7.714,1.002,0.701,42.693,44.383,63.822,2.348,27.002,2.25
344,5.512,68.224,47.118,7.567,2.394,0.695,39.378,40.676,40.589,2.365,26.66,2.25
344.5,5.75,70.864,48.765,7.765,2.507,0.735,35.983,37.939,39.011,2.297,27.295,2.214
345,5.918,72.415,49.554,7.902,2.593,0.745,32.76,35.546,37.787,2.342,29.736,2.151
345.5,5.852,80.345,54.839,8.496,2.893,0.885,30.902,33.229,44.162,2.525,30.322,2.169
346,5.836,78.548,53.459,8.212,2.846,0.88,30.116,29.722,40.589,2.477,27.93,2.234
346.5,5.844,81.898,55.538,8.377,2.99,0.953,29.845,28.307,35.767,2.307,27.734,2.216
347,6.047,90.578,62.306,8.847,3.207,1.205,28.999,28.841,29.611,2.078,31.006,2.132
347.5,5.719,89.485,61.47,8.702,3.178,1.195,28.099,28.841,33.203,2.045,35.596,2.116
348,5.687,81.14,55.926,7.868,2.86,1.1,26.696,26.616,43.84,2.014,32.275,2.206
348.5,5.949,75.996,52.519,7.426,2.663,1.023,25.927,24.539,34.937,2.035,27.783,2.251
349,6.086,93.25,65.324,9.06,3.168,1.317,25.891,23.775,28.762,2.084,25.391,2.207
349.5,6.113,107.617,77.058,10.807,3.466,1.523,26.026,23.617,23.673,2.139,27.002,2.156
350,6.164,115.524,82.283,11.433,3.771,1.653,26.222,24.151,24.245,2.051,29.932,2.081
350.5,6.328,114.974,82.06,11.317,3.733,1.67,26.534,25.057,24.442,2.035,31.592,2.008
351,6.426,114.501,81.867,11.235,3.702,1.679,26.568,26.55,24.845,1.966,32.861,2.002
351.5,5.73,114.062,81.98,11.224,3.639,1.688,26.398,28.084,29.611,2.031,35.547,2.053
352,5.023,86.725,64.256,7.966,2.549,1.529,26.326,27.864,50.033,1.949,35.498,2.173
352.5,4.934,74.232,54.406,6.721,2.249,1.3,26.496,26.419,53.123,2.012,33.545,2.232
353,4.898,82.841,59.743,7.217,2.62,1.468,27.163,25.597,37.319,2.039,30.566,2.266
353.5,4.914,97.787,68.848,8.481,3.283,1.651,27.066,26.354,21.325,2.133,30.176,2.247
354,4.984,94.756,66.463,8.291,3.209,1.568,26.209,27.226,18.679,2.092,29.932,2.247
354.5,5.082,86.77,61.156,7.844,2.905,1.39,25.438,26.16,27.451,2.068,29.443,2.246
355,5.285,83.865,59.104,7.688,2.809,1.317,24.575,24.427,32.312,2.029,26.514,2.269
355.5,5.414,92.667,64.514,8.601,3.193,1.386,24.649,23.935,28.762,2.041,27.246,2.276
356,5.648,113.56,78.677,10.468,3.957,1.695,25.105,24.483,23.306,2.043,27.637,2.257
356.5,5.613,115.121,79.596,10.533,4.03,1.729,25.191,26.033,24.743,2.057,31.934,2.238
357,5.512,107.065,73.232,9.721,3.838,1.583,24.702,27.226,29.905,1.993,34.229,2.176
357.5,5.152,89.744,58.141,8.072,3.585,1.17,24.095,27.506,40.589,1.935,36.035,2.118
358,4.961,70.6,44.786,5.845,2.928,0.993,23.329,26.097,54.568,1.886,34.18,2.121
358.5,5.012,61.344,38.52,5.014,2.589,0.857,22.965,23.67,45.155,1.953,31.592,2.133
359,5.125,69.592,43.344,5.542,2.977,0.989,22.996,22.241,30.205,2.145,28.418,2.135
359.5,5.41,89.324,56.536,6.753,3.719,1.408,22.303,22.195,19.339,2.26,30.664,2.15
360,5.77,102.924,67.39,8.648,4.031,1.531,20.824,22.287,21.947,2.342,34.424,2.166
360.5,5.844,102.621,67.356,8.628,4,1.534,18.786,20.57,28.49,2.406,35.547,2.159
361,5.504,90.137,58.363,6.79,3.604,1.498,17.694,17.912,33.021,2.594,33.398,2.193
361.5,5.605,87.758,56.733,6.613,3.519,1.453,17.242,15.837,17.137,2.469,31.592,2.242
362,5.914,87.442,56.089,6.585,3.556,1.425,17.167,15.837,11.938,2.305,34.033,2.256
362.5,6.352,104.093,68.683,11.044,4.017,1.009,17.193,16.679,12.18,2.088,37.793,2.237
363,6.133,100.315,66.404,10.83,3.846,0.938,16.94,17.053,15.002,2.115,37.988,2.233
363.5,5.652,91.701,60.942,10.253,3.489,0.784,16.405,17.246,24.541,2.107,39.893,2.242
364,5.352,83.137,55.715,9.365,3.11,0.719,16.124,16.705,28.223,2.133,37.256,2.216
364.5,5.254,70.578,51.617,7.836,2.151,0.873,16.043,16.198,25.262,2.172,37.012,2.209
365,5.391,77.72,58.181,8.488,2.216,1.069,15.69,15.931,18.507,2.125,35.791,2.179
365.5,5.508,75.384,57.047,8.371,2.08,1.036,15.324,15.357,16.571,2.199,37.695,2.143
366,5.586,73.445,55.958,8.191,1.984,1.022,14.905,14.344,16.346,2.197,40.332,2.117
366.5,5.883,78.636,59.453,8.55,2.176,1.123,14.287,13.593,15.077,2.309,39.746,2.128
367,6.105,95.594,70.411,9.911,2.857,1.383,13.811,13.091,12.72,2.322,38.184,2.171
367.5,6.211,91.91,68.107,9.635,2.7,1.326,13.372,12.655,12.884,2.412,36.621,2.222
368,6.25,97.034,71.78,10.102,2.865,1.41,13.126,12.332,13.079,2.49,36.084,2.268
368.5,6.309,101.626,74.988,10.508,3.021,1.485,12.85,12.303,13.46,2.445,35.889,2.286
369,6.445,105.063,77.365,10.821,3.142,1.537,12.815,12.433,13.959,2.365,37.256,2.309
369.5,6.426,101.547,75.226,10.606,2.986,1.473,12.812,12.55,15.192,2.23,35.742,2.317
370,6.469,97.542,72.686,10.33,2.819,1.403,12.84,12.595,15.002,2.404,35.547,2.318
370.5,6.613,96.506,72.049,10.215,2.774,1.397,12.89,12.55,15.585,2.402,33.154,2.331
371,6.668,95.881,71.212,10.201,2.798,1.355,13.025,12.462,14.427,2.385,35.596,2.33
371.5,6.539,109.944,80.022,11.764,3.394,1.448,13.075,12.477,13.165,2.146,35.547,2.312
372,6.172,105.821,76.97,11.428,3.273,1.365,13.007,12.58,12.72,2.102,37.744,2.272
372.5,5.734,102.217,74.844,11.251,3.105,1.293,12.732,12.64,13.643,2.186,36.963,2.242
373,5.332,107.062,78.824,11.766,3.203,1.383,12.316,12.332,14.324,2.625,38.623,2.248
373.5,5.227,105.342,77.594,11.63,3.147,1.349,12.018,11.681,15.153,2.592,39.258,2.297
374,5.223,109.16,80.225,11.925,3.282,1.42,11.715,11.272,13.079,2.48,41.699,2.347
374.5,5.246,112.714,82.9,12.261,3.382,1.482,11.212,11.095,11.938,2.459,41.455,2.315
375,5.32,103.413,76.819,11.703,3.017,1.289,10.933,10.576,12.483,2.482,38.867,2.286
375.5,5.465,93.109,70.079,11.234,2.612,1.038,10.625,9.969,12.205,2.477,36.719,2.262
376,5.406,98.121,72.957,11.562,2.854,1.114,10.484,9.767,11.332,2.271,38.184,2.209
376.5,5.324,112.414,86.185,14.327,2.975,1.151,10.831,9.813,9.374,2.441,40.723,2.215
377,5.441,108.714,83.768,13.952,2.83,1.112,11.659,10.219,8.734,2.646,43.262,2.26
377.5,5.363,106.281,82.619,13.738,2.684,1.102,12.642,11.643,7.514,2.896,42.822,2.323
378,4.945,106.541,82.867,13.643,2.685,1.139,13.849,14.48,8.324,3.215,40.479,2.333
378.5,4.785,104.41,81.416,13.367,2.608,1.128,15.529,17.674,24.442,3.654,36.768,2.386
379,4.672,85.479,67.785,10.523,2.007,1.089,17.425,20.068,61.855,3.527,34.814,2.458
379.5,4.719,82.489,65.922,10.237,1.879,1.058,20.377,22.103,96.583,3.162,33.447,2.42
380,4.777,78.246,62.902,9.696,1.741,1.028,25.996,25.354,52.202,2.965,31.836,2.313
380.5,4.77,77.63,62.753,9.351,1.687,1.105,31,30.572,29.039,2.854,30.664,2.271
381,4.687,80.371,64.669,9.277,1.781,1.227,34.648,34.852,32.662,2.551,31.592,2.257
381.5,4.684,77.237,63.01,8.88,1.614,1.235,35.902,36.893,40.589,2.256,33.594,2.218
382,4.602,75.499,62.127,8.706,1.517,1.23,36.286,37.672,41.427,1.971,36.279,2.156
382.5,4.613,71.206,59.309,8.426,1.349,1.146,37.905,40.218,43.84,1.854,37.207,2.104
383,4.656,68.54,57.484,8.195,1.254,1.104,38.904,42.96,54.568,1.793,36.963,2.092
383.5,4.66,56.801,46.989,6.607,1.113,0.925,40.362,44.568,77.851,1.786,34.473,2.109
384,4.668,46.653,37.837,5.046,1,0.812,43.953,47.323,98.158,1.775,33.691,2.12
384.5,4.695,32.378,24.939,3.812,0.844,0.415,47.752,50.441,103.205,1.958,32.764,2.127
385,4.773,35.706,26.745,3.928,1.016,0.485,49.531,52.159,95.058,2.174,32.91,2.161
385.5,4.766,32.612,24.308,3.691,0.942,0.411,49.437,51.163,92.149,2.35,33.008,2.192
386,4.777,32.646,23.944,3.556,0.987,0.425,49.661,51.409,96.583,2.094,32.959,2.189
386.5,4.793,32.248,23.145,3.388,1.033,0.422,49.086,50.441,106.869,1.992,32.617,2.153
387,4.809,33.108,23.402,3.289,1.101,0.461,47.283,49.739,108.8,1.876,32.275,2.122
387.5,4.789,37.975,26.525,3.335,1.299,0.62,45.348,48.174,103.205,1.866,31.201,2.098
388,4.691,41.32,28.387,3.608,1.467,0.653,42.924,43.307,103.205,1.908,30.713,2.088
388.5,4.633,43.084,29.471,3.766,1.544,0.673,40.181,37.672,73.124,2.092,29.346,2.077
389,4.621,69.575,49.961,6.105,2.225,1.21,38.164,33.437,36.637,2.348,31.543,2.113
389.5,4.633,103.189,75.02,9.355,3.195,1.771,36.096,31.378,22.606,2.521,34.521,2.136
390,4.617,106.811,77.286,9.618,3.349,1.829,34.706,30.226,23.039,2.484,37.842,2.144
390.5,4.605,110.255,79.824,9.79,3.452,1.925,32.303,29.315,28.762,2.48,38.232,2.143
391,4.617,108.195,78.532,9.594,3.365,1.903,30.058,28.61,30.054,2.459,36.914,2.175
391.5,4.625,110.614,80.24,9.759,3.445,1.955,31.503,29.722,26.027,2.424,37.939,2.203
392,4.52,110.469,80.049,9.711,3.451,1.957,32.718,33.024,19.401,2.328,41.455,2.191
392.5,4.477,85.671,72.58,8.909,1.485,1.749,32.112,34.184,31.304,2.244,42.236,2.127
393,4.484,69.642,55.38,6.968,1.618,1.292,31.775,33.229,54.078,2.541,38.184,2.146
393.5,4.543,66.976,53.091,6.766,1.575,1.217,33.846,32.722,46.552,2.666,33.252,2.215
394,4.59,59.265,46.648,6.079,1.431,1.037,37.608,34.852,31.633,2.5,31.738,2.263
394.5,4.672,58.358,45.834,5.998,1.421,1.012,39.31,37.149,38.026,2.057,33.887,2.232
395,4.719,53.588,42.36,5.632,1.274,0.914,39.378,38.623,77.851,1.91,33.74,2.183
395.5,4.719,46.917,37.389,5.035,1.081,0.791,39.393,39.332,110.802,1.963,33.74,2.141
396,4.719,44.108,35.19,4.824,1.012,0.723,38.809,40.37,110.802,2.166,32.08,2.14
396.5,4.703,43.818,34.794,4.872,1.024,0.69,38.476,41.464,106.869,2.604,31.787,2.172
397,4.699,58.935,47.032,7.386,1.35,0.735,38.947,41.145,117.277,2.99,29.932,2.228
397.5,4.695,63.24,49.892,7.73,1.514,0.805,38.058,39.332,84.399,3.305,29.688,2.296
398,4.703,67.051,52.289,8.038,1.674,0.86,35.288,37.149,54.568,3.117,31.494,2.358
398.5,4.75,65.838,51.4,8.029,1.638,0.814,31.908,33.229,56.093,2.814,31.445,2.34
399,4.871,61.929,48.476,7.832,1.526,0.703,28.064,28.01,43.523,2.674,31.689,2.315
399.5,4.957,83.821,64.798,10.44,2.158,0.947,24.756,23.565,33.021,2.359,29.395,2.289
400,5.012,107.114,81.269,11.84,2.932,1.497,22.284,20.413,15.192,2.299,31.348,2.277
400.5,5.086,109.115,82.649,11.976,3.002,1.539,19.678,18.312,16.436,2.283,33.057,2.257
401,5.133,111.352,84.087,12.161,3.093,1.571,17.75,16.422,19.154,2.514,34.131,2.254
401.5,5.18,109.274,82.34,11.933,3.055,1.533,16.557,14.927,16.897,2.547,36.67,2.265
402,5.324,117.397,87.389,12.438,3.404,1.683,15.636,14.48,15.465,2.555,37.305,2.259
402.5,5.355,132.053,89.975,12.662,4.773,1.768,15.25,14.097,14.673,2.422,39.063,2.248
403,5.355,135.359,91.819,12.835,4.939,1.826,15.606,14.078,14.462,2.457,39.014,2.254
403.5,5.328,127.32,85.726,11.952,4.718,1.712,16.17,14.927,13.736,2.406,40.186,2.253
404,5.258,128.611,86.589,11.999,4.766,1.748,17.247,16.55,14.567,2.445,38.818,2.243
404.5,5.125,112.159,78.768,10.359,3.787,1.727,18.575,18.631,22.951,2.434,37.988,2.25
405,5.02,109.229,76.922,10.051,3.665,1.703,20.062,20.413,24.343,2.332,35.205,2.248
405.5,4.898,90.833,72.412,9.203,2.09,1.667,21.584,23.462,29.039,2.396,36.572,2.225
406,4.863,88.721,70.927,9.059,2.018,1.622,22.399,26.033,40.865,2.715,33.691,2.232
406.5,4.953,79.776,64.234,8.665,1.763,1.355,22.465,25.057,110.802,2.812,32.129,2.252
407,5.035,81.187,64.969,8.762,1.84,1.371,22.542,21.655,84.399,2.709,29.834,2.282
407.5,5.082,100.666,78.73,9.826,2.488,1.857,22.214,20.143,29.322,2.488,31.641,2.266
408,5.211,110.026,85.531,10.806,2.779,1.985,21.694,19.661,12.457,2.504,32.031,2.228
408.5,5.238,108.837,84.81,10.792,2.725,1.949,20.453,18.895,17.335,2.488,32.813,2.219
409,5.223,108.757,84.641,10.91,2.735,1.911,18.731,18.033,21.554,2.342,33.35,2.225
409.5,5.184,116.746,90.296,11.964,3,1.958,17.439,17.08,18.394,2.385,36.182,2.219
410,5.195,108.972,84.283,11.67,2.8,1.703,16.935,16.837,20.25,2.43,36.816,2.222
410.5,5.238,108.346,83.625,11.681,2.804,1.665,16.704,16.198,20.738,2.562,36.133,2.24
411,5.227,117.281,89.556,12.339,3.145,1.825,17.069,15.628,21.788,2.596,34.424,2.256
411.5,5.223,119.71,90.793,12.48,3.28,1.858,17.976,15.979,16.084,2.631,35.059,2.254
412,5.172,123.465,93.288,12.779,3.423,1.919,18.882,17.763,12.614,2.678,37.061,2.259
412.5,5.16,107.35,80.798,11.663,3.012,1.515,19.188,20.258,16.214,2.635,37.988,2.265
413,5.105,92.989,68.098,10.185,2.823,1.19,18.887,21.099,45.155,2.541,36.816,2.254
413.5,5.094,74.98,52.893,7.795,2.505,0.953,18.97,19.697,68.938,2.387,33.35,2.237
414,5.168,78.596,55.677,8.046,2.6,1.042,19.402,19.132,39.785,2.328,35.449,2.21
414.5,5.203,96.646,73.691,9.904,2.604,1.563,20.153,19.625,15.625,2.34,36.816,2.198
415,5.18,98.206,75.191,10.11,2.611,1.594,20.74,19.918,26.485,2.393,39.258,2.199
415.5,5.047,102.461,78.603,10.652,2.706,1.646,21.23,18.996,23.039,2.312,36.523,2.208
416,4.879,101.66,78.302,10.72,2.649,1.613,21.23,19.625,20.738,2.334,37.061,2.217
416.5,4.887,102.303,78.998,10.757,2.643,1.641,21.015,21.699,15.831,2.441,36.133,2.213
417,4.996,95.455,74.36,10.224,2.393,1.521,19.893,23.308,28.625,2.949,35.449,2.242
417.5,5.16,69.445,64.713,7.532,0.537,1.661,18.509,21.016,79.918,3.031,32.568,2.293
418,5.254,66.393,63.213,7.244,0.361,1.65,17.673,17.912,63.822,2.945,31.592,2.301
418.5,5.258,89.427,84.855,10.667,0.519,1.982,17.546,16.272,28.091,2.611,32.91,2.256
419,5.262,132.117,98.053,11.822,3.864,2.415,17.188,15.86,9.432,2.533,34.473,2.23
419.5,5.27,134.891,100.011,11.975,3.956,2.484,16.999,15.269,12.229,2.541,37.158,2.252
420,5.324,126.001,93.445,11.36,3.693,2.278,16.268,14.948,14.567,2.672,37.402,2.265
420.5,5.316,124.95,92.671,11.305,3.661,2.25,15.359,15.379,12.829,2.674,38.037,2.27
421,5.297,120.778,89.82,11.059,3.511,2.156,14.66,15.514,20.954,2.725,35.742,2.276
421.5,5.309,119.118,88.49,10.915,3.474,2.119,14.287,14.782,21.027,2.654,34.375,2.299
422,5.445,119.264,88.564,10.894,3.482,2.128,14.117,14.191,23.956,2.662,34.424,2.295
422.5,5.527,126.008,93.397,11.399,3.699,2.266,14.471,13.876,15.386,2.611,35.986,2.281
423,5.59,128.772,95.406,11.56,3.785,2.336,15.112,13.858,15.789,2.557,36.865,2.264
423.5,5.59,127.403,94.392,11.439,3.745,2.31,15.857,14.229,13.252,2.645,35.938,2.268
424,5.348,122.487,91.233,11.168,3.545,2.206,16.681,15.469,9.946,2.648,38.477,2.264
424.5,5.18,119.962,89.718,10.901,3.431,2.189,17.616,17.912,13.49,2.832,38.965,2.258
425,5.062,99.808,75.097,9.212,2.803,1.811,18.007,20.491,29.039,3.437,35.938,2.289
425.5,5.094,74.095,53.998,5.945,2.28,1.469,18.417,21.921,61.226,3.824,30.957,2.39
426,5.172,72.043,52.678,5.805,2.197,1.432,18.634,22.149,77.851,3.453,29.98,2.474
426.5,5.191,69.342,50.944,5.659,2.087,1.374,18.88,20.69,68.157,2.816,30.566,2.421
427,5.223,72.716,53.259,5.895,2.207,1.442,18.91,18.502,45.496,2.562,30.811,2.314
427.5,5.379,99.251,75.598,8.34,2.683,2.053,18.679,16.731,16.617,2.561,30.615,2.26
428,5.441,118.394,87.77,9.916,3.474,2.326,17.693,16.1,9.881,2.613,36.914,2.269
428.5,5.426,128.436,94.367,10.921,3.864,2.437,16.496,15.628,12.38,2.629,37.695,2.285
429,5.199,118.372,86.745,10.616,3.587,2.098,15.356,14.864,18.564,2.611,38.428,2.283
429.5,5.203,114.529,83.677,10.491,3.499,1.962,14.445,14.324,15.425,2.561,36.182,2.297
430,5.211,113.485,82.478,10.524,3.517,1.888,13.748,14.54,15.789,2.6,37.744,2.294
430.5,5.207,115.174,83.43,10.766,3.601,1.88,13.683,13.949,20.047,2.678,35.4,2.291
431,5.262,114.552,82.793,10.769,3.602,1.845,13.951,13.107,19.527,2.748,33.789,2.302
431.5,5.328,129.429,91.528,12.071,4.299,1.999,14.774,13.091,14.156,2.652,34.424,2.3
432,5.328,128.4,90.954,12.03,4.248,1.977,15.882,14.54,8.429,2.541,36.768,2.285
432.5,5.301,116.262,82.615,11.248,3.817,1.717,16.743,17.19,10.631,2.73,36.963,2.285
433,5.195,110.197,78.376,10.783,3.609,1.601,17.141,19.446,23.58,3.133,34.277,2.309
433.5,5.168,83.36,56.433,8.071,3.054,1.077,17.622,20.491,45.843,3.248,32.568,2.337
434,5.168,81.095,54.875,7.935,2.974,1.026,18.611,21.309,68.938,3.268,29.492,2.34
434.5,5.078,80.503,54.236,7.807,2.979,1.023,20.719,21.524,53.596,3.102,30.176,2.35
435,5.094,83.246,56.163,8.021,3.072,1.075,23.215,22.617,36.862,3.16,30.029,2.357
435.5,5.203,102.971,71.518,11.277,3.568,1.106,24.289,24.483,22.522,3.244,32.031,2.377
436,5.258,99.89,69.602,11.135,3.436,1.037,23.809,26.097,30.823,3.4,31.299,2.387
436.5,5.266,101.703,70.752,11.351,3.511,1.046,22.624,24.483,46.914,3.609,31.299,2.424
437,5.262,100.684,69.75,11.263,3.509,1.013,21.475,21.876,43.211,3.145,29.883,2.428
437.5,5.309,104.802,72.174,11.582,3.701,1.066,21.388,20.296,25.369,2.73,27.979,2.408
438,5.371,108.727,74.554,11.764,3.876,1.151,22.335,20.258,20.047,2.385,28.271,2.378
438.5,5.316,105.938,72.491,11.587,3.794,1.082,23.611,21.057,17.537,2.268,29.297,2.352
439,4.965,102.101,69.439,11.262,3.705,0.997,24.828,23.881,16.663,2.141,32.031,2.313
439.5,4.609,100.08,67.604,11.052,3.684,0.949,26.276,28.686,19.849,1.979,32.52,2.246
440,4.52,67.727,32.47,4.268,3.999,0.712,28.54,33.229,58.833,1.912,35.059,2.149
440.5,4.461,41.926,9.528,0.881,3.675,0.301,31.426,36.893,132.797,1.913,35.596,2.098
441,4.453,34.407,4.737,0.052,3.365,0.245,35.15,41.951,153.05,2,34.961,2.084
441.5,4.41,33.784,4.474,0.057,3.325,0.229,39.43,47.115,132.797,1.961,31.982,2.084
442,4.355,33.279,3.81,0.095,3.343,0.184,39.634,49.282,138.925,1.985,30.469,2.089
442.5,4.355,42.315,7.389,0.72,3.962,0.224,34.706,43.307,165.685,2.021,31.006,2.091
443,4.387,52.276,15.593,2.208,4.161,0.303,29.936,32.424,112.88,2.283,31.104,2.108
443.5,4.484,94.207,45.826,3.185,5.488,1.706,26.603,24.824,53.123,2.564,28.955,2.149
444,4.645,176.592,104.966,11.334,8.125,2.911,23.862,21.016,15.999,2.84,27.441,2.189
444.5,4.941,183.437,109.768,11.814,8.356,3.054,22.408,19.201,12.801,2.916,28.809,2.226
445,5.172,147.458,86.816,7.492,6.879,2.873,21.745,18.664,14.854,2.891,34.375,2.25
445.5,5.211,137.934,81.473,6.897,6.404,2.729,20.944,19.734,14.891,3.43,39.111,2.271
446,5.105,107.671,80.052,7.113,3.133,2.599,20.628,21.787,19.401,3.52,40.918,2.311
446.5,4.863,82.153,69.478,5.772,1.438,2.354,20.727,23.207,33.021,3.303,34.912,2.382
447,4.645,72.665,62.108,5.35,1.197,2.058,21.283,23.359,47.657,2.623,27.1,2.418
447.5,4.527,69.79,60.071,5.137,1.102,1.999,22.45,23.057,42.3,2.443,22.217,2.364
448,4.504,88.706,73.813,7.742,1.689,2.104,23.428,23.057,34.937,2.551,23.975,2.286
448.5,4.605,90.564,75.25,7.904,1.737,2.142,23.514,23.359,27.08,2.67,29.492,2.237
449,4.707,86.601,72.826,7.582,1.562,2.09,22.542,22.811,26.602,3,33.496,2.246
449.5,4.949,93.781,77.509,8.104,1.846,2.216,20.529,21.394,28.355,3.211,34.521,2.344
450,5.215,80.941,68.223,7.03,1.443,1.976,18.88,18.929,29.466,3.445,29.541,2.445
450.5,5.238,82.098,69.199,7.205,1.463,1.985,18.387,16.322,21.25,3.572,23.438,2.526
451,5.086,93.94,77.684,8.432,1.844,2.144,17.943,15.979,13.862,3.437,23.34,2.537
451.5,4.867,92.997,76.843,8.367,1.832,2.114,17.616,17.135,11.205,3.807,28.857,2.462
452,4.754,80.071,61.654,5.927,2.089,1.891,17.234,17.5,16.709,3.436,33.643,2.445
452.5,4.75,83.416,63.778,6.149,2.228,1.951,16.452,16.864,21.788,3.256,32.275,2.433
453,4.75,89.42,68.104,6.382,2.418,2.129,15.56,15.955,26.839,3.072,28.906,2.413
453.5,4.758,93.004,70.47,6.579,2.556,2.209,15.497,15.139,21.71,3.346,28.125,2.385
454,4.801,94.057,70.972,6.7,2.619,2.206,15.348,14.66,18.796,3.357,28.711,2.375
454.5,4.844,107.424,80.041,7.436,3.106,2.518,14.97,14.402,15.115,3.623,30.762,2.358
455,4.895,107.673,80.544,7.449,3.077,2.542,14.739,14.134,17.186,4.023,33.105,2.327
455.5,5.066,112.185,83.802,7.832,3.219,2.625,14.616,13.822,14.673,4.352,35.01,2.299
456,5.215,102.891,78.045,7.242,2.818,2.458,14.919,13.751,13.705,3.943,35.01,2.308
456.5,5.234,106.745,80.464,7.559,2.981,2.511,15.675,14.599,12.535,3.297,35.596,2.314
457,5.293,106.058,79.927,7.522,2.964,2.491,16.276,16.705,9.817,3.324,38.721,2.339
457.5,5.43,74.128,57.976,6.405,1.832,1.572,16.623,18.729,22.864,3.803,37.354,2.468
458,5.508,69.906,54.934,6.193,1.698,1.459,16.711,19.064,40.865,4.043,30.957,2.631
458.5,5.512,69.829,54.715,6.297,1.714,1.422,16.323,18.599,47.657,4.023,24.316,2.678
459,5.48,72.707,56.791,6.589,1.805,1.462,16.251,16.917,30.357,3.766,21.826,2.616
459.5,5.371,86.597,67.086,7.189,2.213,1.874,16.292,14.969,22.692,3.346,22.314,2.536
460,5.434,117.763,92.95,8.51,2.814,2.955,15.589,13.876,12.64,3.203,24.658,2.437
460.5,5.508,117.807,93.149,8.476,2.797,2.975,14.869,13.558,9.23,3.045,29.443,2.374
461,5.465,117.905,93.042,8.382,2.82,2.992,14.037,13.221,10.52,3.057,33.789,2.37
461.5,5.465,118.295,93.055,8.274,2.863,3.019,12.99,13.027,11.962,2.824,34.082,2.383
462,5.496,99.831,78.948,5.991,2.369,2.815,12.282,12.715,14.057,2.627,32.764,2.359
462.5,5.641,95.026,75.518,5.776,2.213,2.682,11.99,12.318,18.338,2.551,32.324,2.336
463,5.727,91.567,73.07,5.72,2.098,2.563,12.002,11.694,17.089,2.572,31.738,2.324
463.5,5.785,94.235,74.788,6.162,2.206,2.547,12.318,11.381,13.46,2.709,34.033,2.313
464,5.855,102.845,80.844,7.571,2.496,2.529,12.579,11.785,9.374,2.965,35.986,2.322
464.5,5.75,98.247,77.945,7.381,2.303,2.418,12.386,12.491,10.08,3.021,38.086,2.349
465,5.656,97.68,77.826,7.479,2.252,2.387,11.91,12.418,13.643,2.988,35.938,2.379
465.5,5.641,100.432,79.739,7.713,2.347,2.433,11.16,11.733,17.902,2.855,33.74,2.376
466,5.629,104.996,83.084,8.038,2.485,2.535,10.586,10.769,16.85,2.979,30.273,2.374
466.5,5.602,109.44,86.371,8.321,2.617,2.644,10.465,9.813,13.862,2.951,29.346,2.362
467,5.523,114.796,90.178,8.626,2.792,2.776,10.399,9.337,8.824,2.844,31.689,2.343
467.5,5.516,123.556,96.727,8.932,3.043,3.056,10.194,9.462,6.224,2.693,37.256,2.306
468,5.492,127.762,99.304,9.166,3.228,3.139,9.95,9.705,6.847,2.729,41.26,2.306
468.5,5.465,113.725,87.888,8.226,2.931,2.75,9.674,9.565,10.131,2.84,39.746,2.315
469,5.434,116.74,90.133,8.429,3.018,2.822,9.571,9.437,11,2.887,38.867,2.313
469.5,5.496,112.951,87.469,8.047,2.89,2.771,9.778,9.687,9.418,2.885,37.256,2.298
470,5.48,116.368,89.71,8.207,3.024,2.854,10.141,10.112,11.122,2.871,40.088,2.298
